product_key,platform,product_id,product_name,brand,category,price,base_skin_type,total_review_count,avg_rating,overall_positive_count,overall_neutral_count,overall_negative_count,overall_positive_rate,overall_neutral_rate,overall_negative_rate,skin_review_count,skin_positive_count,skin_neutral_count,skin_negative_count,skin_positive_rate,skin_neutral_rate,skin_negative_rate,skin_confidence_label,top_skin_need_tags,top_skin_concern_tags,skin_concern_code_count,has_enough_skin_reviews,caution_level,caution_message,evidence_level,evidence_weight,negative_signal_score,recommendation_score,recommendation_tier,rank_exposure_flag,review_first_flag,display_message,_sample_group
oliveyoung::A000000253919,oliveyoung,A000000253919,쥬베룩 PDLLA 콜라겐 부스팅 마스크 4매,쥬베룩,maskpack,36000.0,지성,124,4.975806451612903,123,1,0,0.9919354838709677,0.008064516129032258,0.0,22,22,0,0,1.0,0.0,0.0,비교적 신뢰 가능,,미백|주름|모공|보습|홍조,4,True,normal,선택 피부 타입 리뷰 기준으로 특별히 높은 부정 신호는 확인되지 않습니다.,strong_evidence,1.0,0.0,99.82,strong_candidate,True,False,선택 피부 타입 리뷰 기준 부정 신호가 낮은 편입니다.,top_recommendation_samples
oliveyoung::A000000253919,oliveyoung,A000000253919,쥬베룩 PDLLA 콜라겐 부스팅 마스크 4매,쥬베룩,maskpack,36000.0,복합성,124,4.975806451612903,123,1,0,0.9919354838709677,0.008064516129032258,0.0,21,21,0,0,1.0,0.0,0.0,비교적 신뢰 가능,,미백|주름|보습|모공|각질,5,True,normal,선택 피부 타입 리뷰 기준으로 특별히 높은 부정 신호는 확인되지 않습니다.,strong_evidence,1.0,0.0,99.82,strong_candidate,True,False,선택 피부 타입 리뷰 기준 부정 신호가 낮은 편입니다.,top_recommendation_samples
musinsa::3324516,musinsa,3324516,그린티 허니드롭스 바디크림 500ml,elizabetharden,beauty,38300.0,복합성,53,4.943396226415095,53,0,0,1.0,0.0,0.0,36,36,0,0,1.0,0.0,0.0,비교적 신뢰 가능,진정|보습|모공|탄력|유수분 조절,,0,True,normal,선택 피부 타입 리뷰 기준으로 특별히 높은 부정 신호는 확인되지 않습니다.,strong_evidence,1.0,0.0,99.77,strong_candidate,True,False,선택 피부 타입 리뷰 기준 부정 신호가 낮은 편입니다.,top_recommendation_samples
oliveyoung::A000000255622,oliveyoung,A000000255622,[짜서쓰는클밤/쫀쫀모공] 네시픽 라이스 펩타 콜라겐 샤베트 클렌징밤 80g,네시픽,cleansing,22000.0,지성,109,5.0,107,1,1,0.981651376146789,0.009174311926605505,0.009174311926605505,22,22,0,0,1.0,0.0,0.0,비교적 신뢰 가능,,미백|모공|주름|보습|각질,2,True,normal,선택 피부 타입 리뷰 기준으로 특별히 높은 부정 신호는 확인되지 않습니다.,strong_evidence,1.0,0.0,99.77,strong_candidate,True,False,선택 피부 타입 리뷰 기준 부정 신호가 낮은 편입니다.,top_recommendation_samples
musinsa::6299094,musinsa,6299094,액티브 스웨트프루프 선스틱 + 쿨 데오 샤워티슈 1매,obge,beauty,19800.0,지성,82,5.0,80,2,0,0.975609756097561,0.024390243902439025,0.0,21,20,1,0,0.9523809523809523,0.047619047619047616,0.0,비교적 신뢰 가능,진정|보습|유수분 조절|모공|트러블,,0,True,normal,선택 피부 타입 리뷰 기준으로 특별히 높은 부정 신호는 확인되지 않습니다.,strong_evidence,1.0,0.0,99.76,strong_candidate,True,False,선택 피부 타입 리뷰 기준 부정 신호가 낮은 편입니다.,top_recommendation_samples
musinsa::4258330,musinsa,4258330,바디 에멀전 타입 R 프라그란트 보틀 300ml,abib,beauty,28000.0,복합성,49,4.938775510204081,49,0,0,1.0,0.0,0.0,21,21,0,0,1.0,0.0,0.0,비교적 신뢰 가능,진정|보습|모공|유수분 조절|영양공급,,0,True,normal,선택 피부 타입 리뷰 기준으로 특별히 높은 부정 신호는 확인되지 않습니다.,strong_evidence,1.0,0.0,99.76,strong_candidate,True,False,선택 피부 타입 리뷰 기준 부정 신호가 낮은 편입니다.,top_recommendation_samples
musinsa::6299094,musinsa,6299094,액티브 스웨트프루프 선스틱 + 쿨 데오 샤워티슈 1매,obge,beauty,19800.0,복합성,82,5.0,80,2,0,0.975609756097561,0.024390243902439025,0.0,45,44,1,0,0.9777777777777777,0.022222222222222223,0.0,비교적 신뢰 가능,진정|보습|유수분 조절|모공|탄력,,0,True,normal,선택 피부 타입 리뷰 기준으로 특별히 높은 부정 신호는 확인되지 않습니다.,strong_evidence,1.0,0.0,99.76,strong_candidate,True,False,선택 피부 타입 리뷰 기준 부정 신호가 낮은 편입니다.,top_recommendation_samples
musinsa::3063032,musinsa,3063032,비건 릴리프 워터 에센스 선크림,hamel,beauty,26800.0,복합성,223,4.982062780269058,219,3,1,0.9820627802690582,0.013452914798206279,0.004484304932735426,40,40,0,0,1.0,0.0,0.0,비교적 신뢰 가능,진정|보습|유수분 조절|모공|탄력,,0,True,normal,선택 피부 타입 리뷰 기준으로 특별히 높은 부정 신호는 확인되지 않습니다.,strong_evidence,1.0,0.0,99.73,strong_candidate,True,False,선택 피부 타입 리뷰 기준 부정 신호가 낮은 편입니다.,top_recommendation_samples
musinsa::6261460,musinsa,6261460,[SET] 아쿠아 퓨어 히알루로닉 크림  2개 + 세럼 2개 (증정: 멀티 히알루론산 마스크 5매),beplain,beauty,100000.0,복합성,49,4.959183673469388,48,1,0,0.9795918367346939,0.02040816326530612,0.0,26,25,1,0,0.9615384615384616,0.038461538461538464,0.0,비교적 신뢰 가능,진정|보습|모공|탄력|유수분 조절,,0,True,normal,선택 피부 타입 리뷰 기준으로 특별히 높은 부정 신호는 확인되지 않습니다.,strong_evidence,1.0,0.0,99.63,strong_candidate,True,False,선택 피부 타입 리뷰 기준 부정 신호가 낮은 편입니다.,top_recommendation_samples
musinsa::5859496,musinsa,5859496,[옵션선택] 코튼풋 발을씻자 풋샴푸 510ml 2개 + 리필 500ml 1개,onthebody,beauty,19900.0,복합성,164,4.9817073170731705,159,5,0,0.9695121951219512,0.03048780487804878,0.0,86,85,1,0,0.9883720930232558,0.011627906976744186,0.0,비교적 신뢰 가능,진정|보습|유수분 조절|모공|탄력,,0,True,normal,선택 피부 타입 리뷰 기준으로 특별히 높은 부정 신호는 확인되지 않습니다.,strong_evidence,1.0,0.0,99.62,strong_candidate,True,False,선택 피부 타입 리뷰 기준 부정 신호가 낮은 편입니다.,top_recommendation_samples
musinsa::5859496,musinsa,5859496,[옵션선택] 코튼풋 발을씻자 풋샴푸 510ml 2개 + 리필 500ml 1개,onthebody,beauty,19900.0,지성,164,4.9817073170731705,159,5,0,0.9695121951219512,0.03048780487804878,0.0,42,39,3,0,0.9285714285714286,0.07142857142857142,0.0,비교적 신뢰 가능,진정|보습|트러블|유수분 조절|모공,,0,True,normal,선택 피부 타입 리뷰 기준으로 특별히 높은 부정 신호는 확인되지 않습니다.,strong_evidence,1.0,0.0,99.62,strong_candidate,True,False,선택 피부 타입 리뷰 기준 부정 신호가 낮은 편입니다.,top_recommendation_samples
musinsa::5859496,musinsa,5859496,[옵션선택] 코튼풋 발을씻자 풋샴푸 510ml 2개 + 리필 500ml 1개,onthebody,beauty,19900.0,건성,164,4.9817073170731705,159,5,0,0.9695121951219512,0.03048780487804878,0.0,23,22,1,0,0.9565217391304348,0.043478260869565216,0.0,비교적 신뢰 가능,진정|보습|탄력|영양공급|모공,,0,True,normal,선택 피부 타입 리뷰 기준으로 특별히 높은 부정 신호는 확인되지 않습니다.,strong_evidence,1.0,0.0,99.62,strong_candidate,True,False,선택 피부 타입 리뷰 기준 부정 신호가 낮은 편입니다.,top_recommendation_samples
oliveyoung::A000000254773,oliveyoung,A000000254773,쥬베룩 PDLLA 콜라겐 부스팅 앰플 20g (+프로텍팅 크림 2ml*5EA) (2604),쥬베룩,skincare,62000.0,지성,119,4.983193277310924,115,4,0,0.9663865546218487,0.03361344537815126,0.0,22,20,2,0,0.9090909090909091,0.09090909090909091,0.0,비교적 신뢰 가능,,미백|주름|보습|각질|트러블,6,True,normal,선택 피부 타입 리뷰 기준으로 특별히 높은 부정 신호는 확인되지 않습니다.,strong_evidence,1.0,0.0,99.6,strong_candidate,True,False,선택 피부 타입 리뷰 기준 부정 신호가 낮은 편입니다.,top_recommendation_samples
musinsa::3202723,musinsa,3202723,TYPE No.91 원더바이브 핸드워시 350ml,typeno,beauty,14000.0,복합성,95,4.926315789473684,94,1,0,0.9894736842105263,0.010526315789473684,0.0,28,28,0,0,1.0,0.0,0.0,비교적 신뢰 가능,진정|보습|유수분 조절|탄력|모공,,0,True,normal,선택 피부 타입 리뷰 기준으로 특별히 높은 부정 신호는 확인되지 않습니다.,strong_evidence,1.0,0.0,99.6,strong_candidate,True,False,선택 피부 타입 리뷰 기준 부정 신호가 낮은 편입니다.,top_recommendation_samples
oliveyoung::A000000254492,oliveyoung,A000000254492,[NEW/단독선런칭] 바이오던스 아이패치 60매 2종 택 1 (콜라겐/캐비어 PDRN),바이오던스,maskpack,27000.0,복합성,169,4.952662721893491,165,4,0,0.9763313609467456,0.023668639053254437,0.0,24,24,0,0,1.0,0.0,0.0,비교적 신뢰 가능,,미백|트러블|모공|주름|보습,3,True,normal,선택 피부 타입 리뷰 기준으로 특별히 높은 부정 신호는 확인되지 않습니다.,strong_evidence,1.0,0.0,99.57,strong_candidate,True,False,선택 피부 타입 리뷰 기준 부정 신호가 낮은 편입니다.,top_recommendation_samples
oliveyoung::A000000254492,oliveyoung,A000000254492,[NEW/단독선런칭] 바이오던스 아이패치 60매 2종 택 1 (콜라겐/캐비어 PDRN),바이오던스,maskpack,27000.0,지성,169,4.952662721893491,165,4,0,0.9763313609467456,0.023668639053254437,0.0,26,26,0,0,1.0,0.0,0.0,비교적 신뢰 가능,,미백|각질|주름|보습|탄력,1,True,normal,선택 피부 타입 리뷰 기준으로 특별히 높은 부정 신호는 확인되지 않습니다.,strong_evidence,1.0,0.0,99.57,strong_candidate,True,False,선택 피부 타입 리뷰 기준 부정 신호가 낮은 편입니다.,top_recommendation_samples
oliveyoung::A000000247859,oliveyoung,A000000247859,[성한빈 PICK] 원더바스 레몬청 팩클렌저 200ml 기획 (+50ml),조성아뷰티,cleansing,19900.0,지성,134,4.940298507462686,131,3,0,0.9776119402985075,0.022388059701492536,0.0,34,33,1,0,0.9705882352941176,0.029411764705882353,0.0,비교적 신뢰 가능,,미백|주름|모공|각질|트러블,9,True,normal,선택 피부 타입 리뷰 기준으로 특별히 높은 부정 신호는 확인되지 않습니다.,strong_evidence,1.0,0.0,99.54,strong_candidate,True,False,선택 피부 타입 리뷰 기준 부정 신호가 낮은 편입니다.,top_recommendation_samples
oliveyoung::A000000247859,oliveyoung,A000000247859,[성한빈 PICK] 원더바스 레몬청 팩클렌저 200ml 기획 (+50ml),조성아뷰티,cleansing,19900.0,복합성,134,4.940298507462686,131,3,0,0.9776119402985075,0.022388059701492536,0.0,20,20,0,0,1.0,0.0,0.0,비교적 신뢰 가능,,미백|주름|모공|홍조|트러블,2,True,normal,선택 피부 타입 리뷰 기준으로 특별히 높은 부정 신호는 확인되지 않습니다.,strong_evidence,1.0,0.0,99.54,strong_candidate,True,False,선택 피부 타입 리뷰 기준 부정 신호가 낮은 편입니다.,top_recommendation_samples
oliveyoung::A000000254380,oliveyoung,A000000254380,SNP 빅 패치 2종 [콜라겐 퍼펙션 / 글루타치온 다크제로] 60매입,SNP,maskpack,28000.0,지성,105,4.923809523809524,103,1,1,0.9809523809523809,0.009523809523809525,0.009523809523809525,23,22,1,0,0.9565217391304348,0.043478260869565216,0.0,비교적 신뢰 가능,,모공|미백|보습|각질|주름,4,True,normal,선택 피부 타입 리뷰 기준으로 특별히 높은 부정 신호는 확인되지 않습니다.,strong_evidence,1.0,0.0,99.46,strong_candidate,True,False,선택 피부 타입 리뷰 기준 부정 신호가 낮은 편입니다.,top_recommendation_samples
musinsa::2616586,musinsa,2616586,DMT 바디로션 400ml+추가증정,physiogel,beauty,24900.0,복합성,108,4.944444444444445,105,2,1,0.9722222222222222,0.018518518518518517,0.009259259259259259,44,43,1,0,0.9772727272727273,0.022727272727272728,0.0,비교적 신뢰 가능,진정|보습|모공|탄력|유수분 조절,,0,True,normal,선택 피부 타입 리뷰 기준으로 특별히 높은 부정 신호는 확인되지 않습니다.,strong_evidence,1.0,0.0,99.45,strong_candidate,True,False,선택 피부 타입 리뷰 기준 부정 신호가 낮은 편입니다.,top_recommendation_samples
oliveyoung::A000000184368,oliveyoung,A000000184368,[모공&블랙헤드/노란티스] 티스 딥 오프 클렌징오일 320ml,티스,cleansing,20000.0,민감성,264,3.867424242424242,155,42,67,0.5871212121212122,0.1590909090909091,0.2537878787878788,5,1,0,4,0.2,0.0,0.8,참고 가능,,보습|홍조|미백,1,True,high_negative_signal,선택 피부 타입 리뷰에서 부정 반응 비율이 상대적으로 높습니다. 구매 전 부정 리뷰를 먼저 확인하세요.,limited_evidence,0.7,0.56,14.17,negative_review_first,False,True,선택 피부 타입 리뷰에서 부정 신호가 상대적으로 높습니다. 구매 전 부정 리뷰를 먼저 확인하세요.,high_negative_signal_samples
oliveyoung::A000000212570,oliveyoung,A000000212570,바이오더마 시카비오 크림+ 100ml 기획 (크림 + 40ml 본품 추가 증정),바이오더마,skincare,43000.0,건성,228,3.504385964912281,129,25,74,0.5657894736842105,0.10964912280701754,0.32456140350877194,6,2,0,4,0.3333333333333333,0.0,0.6666666666666666,참고 가능,,주름|보습|미백|각질|트러블,0,True,high_negative_signal,선택 피부 타입 리뷰에서 부정 반응 비율이 상대적으로 높습니다. 구매 전 부정 리뷰를 먼저 확인하세요.,limited_evidence,0.7,0.466667,18.22,negative_review_first,False,True,선택 피부 타입 리뷰에서 부정 신호가 상대적으로 높습니다. 구매 전 부정 리뷰를 먼저 확인하세요.,high_negative_signal_samples
oliveyoung::A000000254058,oliveyoung,A000000254058,[포켓몬 에디션]VT 리들샷100 에센스 50ml기획 (리들샷300 1ml+PDRN에센스1.5ml+포켓몬아크릴포스트잇),VT,skincare,32000.0,민감성,233,3.334763948497854,124,32,77,0.5321888412017167,0.13733905579399142,0.33047210300429186,11,4,0,7,0.36363636363636365,0.0,0.6363636363636364,참고 가능,,보습|홍조|트러블|각질|미백,4,True,high_negative_signal,선택 피부 타입 리뷰에서 부정 반응 비율이 상대적으로 높습니다. 구매 전 부정 리뷰를 먼저 확인하세요.,limited_evidence,0.7,0.445455,18.55,negative_review_first,False,True,선택 피부 타입 리뷰에서 부정 신호가 상대적으로 높습니다. 구매 전 부정 리뷰를 먼저 확인하세요.,high_negative_signal_samples
oliveyoung::A000000120938,oliveyoung,A000000120938,[10매/5종] 아비브 약산성 pH 시트 마스크 핏 10매 (어성초/부활초/아쿠아/글루타치온좀/허니),아비브,maskpack,40000.0,민감성,247,3.931174089068826,165,46,36,0.6680161943319838,0.1862348178137652,0.145748987854251,8,2,1,5,0.25,0.125,0.625,참고 가능,,미백|주름|보습|홍조|모공,0,True,high_negative_signal,선택 피부 타입 리뷰에서 부정 반응 비율이 상대적으로 높습니다. 구매 전 부정 리뷰를 먼저 확인하세요.,limited_evidence,0.7,0.4375,23.74,negative_review_first,False,True,선택 피부 타입 리뷰에서 부정 신호가 상대적으로 높습니다. 구매 전 부정 리뷰를 먼저 확인하세요.,high_negative_signal_samples
oliveyoung::A000000166586,oliveyoung,A000000166586,[단독/대용량] 라운드랩 자작나무 수분 크림 120ml 기획 (+수분패드 4매),라운드랩,skincare,42000.0,민감성,249,3.602409638554217,151,32,66,0.606425702811245,0.1285140562248996,0.26506024096385544,5,2,0,3,0.4,0.0,0.6,참고 가능,,보습|트러블|미백|모공|주름,0,True,high_negative_signal,선택 피부 타입 리뷰에서 부정 반응 비율이 상대적으로 높습니다. 구매 전 부정 리뷰를 먼저 확인하세요.,limited_evidence,0.7,0.42,22.35,negative_review_first,False,True,선택 피부 타입 리뷰에서 부정 신호가 상대적으로 높습니다. 구매 전 부정 리뷰를 먼저 확인하세요.,high_negative_signal_samples
oliveyoung::A000000237449,oliveyoung,A000000237449,[수지pick/뽀용뇽 공동개발] 아누아 피디알엔 히알루론산 수분 캡슐 미스트 100ml,아누아,skincare,35000.0,민감성,228,3.307017543859649,122,26,80,0.5350877192982456,0.11403508771929824,0.3508771929824561,10,4,0,6,0.4,0.0,0.6,참고 가능,,보습|미백|홍조|주름|트러블,0,True,high_negative_signal,선택 피부 타입 리뷰에서 부정 반응 비율이 상대적으로 높습니다. 구매 전 부정 리뷰를 먼저 확인하세요.,limited_evidence,0.7,0.42,20.02,negative_review_first,False,True,선택 피부 타입 리뷰에서 부정 신호가 상대적으로 높습니다. 구매 전 부정 리뷰를 먼저 확인하세요.,high_negative_signal_samples
oliveyoung::A000000212555,oliveyoung,A000000212555,[강력차단]식물나라 워터프루프/알로에쿨링 선 스프레이 100ml (단품/1+1/트리플기획),식물나라,suncare,14800.0,중성,294,3.697278911564626,188,27,79,0.6394557823129252,0.09183673469387756,0.2687074829931973,5,2,0,3,0.4,0.0,0.6,참고 가능,,주름|모공|미백|보습,1,True,high_negative_signal,선택 피부 타입 리뷰에서 부정 반응 비율이 상대적으로 높습니다. 구매 전 부정 리뷰를 먼저 확인하세요.,limited_evidence,0.7,0.42,23.04,negative_review_first,False,True,선택 피부 타입 리뷰에서 부정 신호가 상대적으로 높습니다. 구매 전 부정 리뷰를 먼저 확인하세요. (중성 피부 타입은 전반적으로 리뷰 근거가 적습니다.),high_negative_signal_samples
oliveyoung::A000000216311,oliveyoung,A000000216311,[*피지잡는 *약산성클렌저 *클렌징폼] 아벤느 클리낭스 클렌징 젤 400ml 더블 기획,아벤느,cleansing,45000.0,건성,250,3.56,150,24,76,0.6,0.096,0.304,10,4,0,6,0.4,0.0,0.6,참고 가능,,미백|각질|보습|탄력|주름,4,True,high_negative_signal,선택 피부 타입 리뷰에서 부정 반응 비율이 상대적으로 높습니다. 구매 전 부정 리뷰를 먼저 확인하세요.,limited_evidence,0.7,0.42,21.92,negative_review_first,False,True,선택 피부 타입 리뷰에서 부정 신호가 상대적으로 높습니다. 구매 전 부정 리뷰를 먼저 확인하세요.,high_negative_signal_samples
oliveyoung::A000000231315,oliveyoung,A000000231315,[1+1] 프리메라 마일드 앤 퍼펙트 클렌징 오일 투 폼 200ml 리필기획/단품,프리메라,cleansing,26000.0,건성,270,3.759259259259259,166,29,75,0.6148148148148148,0.10740740740740741,0.2777777777777778,14,6,0,8,0.42857142857142855,0.0,0.5714285714285714,참고 가능,,보습|미백|탄력|각질|트러블,2,True,high_negative_signal,선택 피부 타입 리뷰에서 부정 반응 비율이 상대적으로 높습니다. 구매 전 부정 리뷰를 먼저 확인하세요.,limited_evidence,0.7,0.4,24.3,negative_review_first,False,True,선택 피부 타입 리뷰에서 부정 신호가 상대적으로 높습니다. 구매 전 부정 리뷰를 먼저 확인하세요.,high_negative_signal_samples
oliveyoung::A000000193133,oliveyoung,A000000193133,브링그린 모델링 팩 28g [티트리 시카/대나무 히알루/슈퍼 레몬 글루타치온],브링그린,maskpack,4800.0,복합성,216,3.2824074074074074,112,25,79,0.5185185185185185,0.11574074074074074,0.36574074074074076,32,9,5,18,0.28125,0.15625,0.5625,비교적 신뢰 가능,,미백|주름|트러블|모공|각질,10,True,high_negative_signal,선택 피부 타입 리뷰에서 부정 반응 비율이 상대적으로 높습니다. 구매 전 부정 리뷰를 먼저 확인하세요.,strong_evidence,1.0,0.5625,29.92,negative_review_first,False,True,선택 피부 타입 리뷰에서 부정 신호가 상대적으로 높습니다. 구매 전 부정 리뷰를 먼저 확인하세요.,high_negative_signal_samples
oliveyoung::A000000247726,oliveyoung,A000000247726,[한정기획] 메이크프렘 인테카 수딩크림 70ml 기획 (+크림 31ml*2+NMN 앰플 7ml),메이크프렘,skincare,29000.0,민감성,296,3.675675675675676,191,29,76,0.6452702702702703,0.09797297297297297,0.25675675675675674,9,4,0,5,0.4444444444444444,0.0,0.5555555555555556,참고 가능,,주름|미백|보습|홍조|트러블,3,True,high_negative_signal,선택 피부 타입 리뷰에서 부정 반응 비율이 상대적으로 높습니다. 구매 전 부정 리뷰를 먼저 확인하세요.,limited_evidence,0.7,0.388889,25.09,negative_review_first,False,True,선택 피부 타입 리뷰에서 부정 신호가 상대적으로 높습니다. 구매 전 부정 리뷰를 먼저 확인하세요.,high_negative_signal_samples
oliveyoung::A000000213921,oliveyoung,A000000213921,[올영단독400ml] 포인트앤 딥 클린 올킬 립앤아이 리무버 200ml 1+1 기획,포인트앤,cleansing,12900.0,건성,271,4.107011070110701,175,51,45,0.6457564575645757,0.1881918819188192,0.16605166051660517,13,4,2,7,0.3076923076923077,0.15384615384615385,0.5384615384615384,참고 가능,,보습|미백|홍조|탄력|트러블,6,True,high_negative_signal,선택 피부 타입 리뷰에서 부정 반응 비율이 상대적으로 높습니다. 구매 전 부정 리뷰를 먼저 확인하세요.,limited_evidence,0.7,0.376923,28.06,negative_review_first,False,True,선택 피부 타입 리뷰에서 부정 신호가 상대적으로 높습니다. 구매 전 부정 리뷰를 먼저 확인하세요.,high_negative_signal_samples
oliveyoung::A000000157350,oliveyoung,A000000157350,[트러블모공] 디오디너리 나이아신아마이드 10% + 징크 1% 30ml,디오디너리,skincare,8700.0,민감성,251,3.195219123505976,124,35,92,0.4940239043824701,0.1394422310756972,0.3665338645418327,16,6,2,8,0.375,0.125,0.5,참고 가능,,보습|홍조|각질|미백|주름,0,True,high_negative_signal,선택 피부 타입 리뷰에서 부정 반응 비율이 상대적으로 높습니다. 구매 전 부정 리뷰를 먼저 확인하세요.,limited_evidence,0.7,0.35,23.64,negative_review_first,False,True,선택 피부 타입 리뷰에서 부정 신호가 상대적으로 높습니다. 구매 전 부정 리뷰를 먼저 확인하세요.,high_negative_signal_samples
oliveyoung::A000000184159,oliveyoung,A000000184159,[추가증정기획/뽀송 무기자차] 메이크프렘 유브이 디펜스 미 노세범 선크림 40ml+40ml 기획 (택 1),메이크프렘,suncare,28000.0,민감성,209,3.6411483253588517,131,27,51,0.6267942583732058,0.1291866028708134,0.24401913875598086,8,4,0,4,0.5,0.0,0.5,참고 가능,,주름|보습|모공|홍조|트러블,2,True,high_negative_signal,선택 피부 타입 리뷰에서 부정 반응 비율이 상대적으로 높습니다. 구매 전 부정 리뷰를 먼저 확인하세요.,limited_evidence,0.7,0.35,27.36,negative_review_first,False,True,선택 피부 타입 리뷰에서 부정 신호가 상대적으로 높습니다. 구매 전 부정 리뷰를 먼저 확인하세요.,high_negative_signal_samples
oliveyoung::A000000238406,oliveyoung,A000000238406,[품절대란/수부지 화잘먹 세럼] 믹순 히알레배 포어 버블 세럼 70ml,믹순,skincare,14900.0,민감성,309,3.585760517799353,178,42,89,0.5760517799352751,0.13592233009708737,0.28802588996763756,6,2,1,3,0.3333333333333333,0.16666666666666666,0.5,참고 가능,,주름|미백|홍조|트러블|모공,1,True,high_negative_signal,선택 피부 타입 리뷰에서 부정 반응 비율이 상대적으로 높습니다. 구매 전 부정 리뷰를 먼저 확인하세요.,limited_evidence,0.7,0.35,26.41,negative_review_first,False,True,선택 피부 타입 리뷰에서 부정 신호가 상대적으로 높습니다. 구매 전 부정 리뷰를 먼저 확인하세요.,high_negative_signal_samples
oliveyoung::A000000212570,oliveyoung,A000000212570,바이오더마 시카비오 크림+ 100ml 기획 (크림 + 40ml 본품 추가 증정),바이오더마,skincare,43000.0,민감성,228,3.504385964912281,129,25,74,0.5657894736842105,0.10964912280701754,0.32456140350877194,12,6,0,6,0.5,0.0,0.5,참고 가능,,보습|미백|홍조|주름|트러블,3,True,high_negative_signal,선택 피부 타입 리뷰에서 부정 반응 비율이 상대적으로 높습니다. 구매 전 부정 리뷰를 먼저 확인하세요.,limited_evidence,0.7,0.35,25.8,negative_review_first,False,True,선택 피부 타입 리뷰에서 부정 신호가 상대적으로 높습니다. 구매 전 부정 리뷰를 먼저 확인하세요.,high_negative_signal_samples
oliveyoung::A000000235364,oliveyoung,A000000235364,[3D진동클렌징/모공케어] 메디큐브 에이지알 부스터 진동 클렌저 헤드 (베이지/핑크),메디큐브 에이지알,cleansing,59880.0,지성,88,4.659090909090909,69,8,11,0.7840909090909091,0.09090909090909091,0.125,6,2,1,3,0.3333333333333333,0.16666666666666666,0.5,참고 가능,,보습|미백|주름|각질|모공,0,True,high_negative_signal,선택 피부 타입 리뷰에서 부정 반응 비율이 상대적으로 높습니다. 구매 전 부정 리뷰를 먼저 확인하세요.,limited_evidence,0.7,0.35,33.6,negative_review_first,False,True,선택 피부 타입 리뷰에서 부정 신호가 상대적으로 높습니다. 구매 전 부정 리뷰를 먼저 확인하세요.,high_negative_signal_samples
oliveyoung::A000000169035,oliveyoung,A000000169035,[올리브영 단독기획] 믹순 콩 에센스 50ml 기획 (+병풀 에센스 20ml),믹순,skincare,35000.0,민감성,228,3.662280701754386,134,34,60,0.5877192982456141,0.14912280701754385,0.2631578947368421,10,2,3,5,0.2,0.3,0.5,참고 가능,,미백|보습|모공|주름|홍조,1,True,high_negative_signal,선택 피부 타입 리뷰에서 부정 반응 비율이 상대적으로 높습니다. 구매 전 부정 리뷰를 먼저 확인하세요.,limited_evidence,0.7,0.35,26.96,negative_review_first,False,True,선택 피부 타입 리뷰에서 부정 신호가 상대적으로 높습니다. 구매 전 부정 리뷰를 먼저 확인하세요.,high_negative_signal_samples
oliveyoung::A000000202947,oliveyoung,A000000202947,[온열소금팩/화잘먹/모공] 토르홉 사우난지앙 솔트마스크 90+7g 미니 기획,토르홉,maskpack,31500.0,민감성,243,3.6872427983539096,148,30,65,0.6090534979423868,0.12345679012345678,0.2674897119341564,6,3,0,3,0.5,0.0,0.5,참고 가능,,홍조|모공|보습|미백|주름,1,True,high_negative_signal,선택 피부 타입 리뷰에서 부정 반응 비율이 상대적으로 높습니다. 구매 전 부정 리뷰를 먼저 확인하세요.,limited_evidence,0.7,0.35,27.25,negative_review_first,False,True,선택 피부 타입 리뷰에서 부정 신호가 상대적으로 높습니다. 구매 전 부정 리뷰를 먼저 확인하세요.,high_negative_signal_samples
oliveyoung::A000000251313,oliveyoung,A000000251313,비건이펙트 청보리 라하 젤 클렌저 205ml 기획 (+클렌징오일 20g),비건이펙트,cleansing,22000.0,건성,266,4.090225563909774,180,33,53,0.6766917293233082,0.12406015037593984,0.19924812030075187,10,5,0,5,0.5,0.0,0.5,참고 가능,,보습|미백|각질|탄력|모공,0,True,high_negative_signal,선택 피부 타입 리뷰에서 부정 반응 비율이 상대적으로 높습니다. 구매 전 부정 리뷰를 먼저 확인하세요.,limited_evidence,0.7,0.35,29.88,negative_review_first,False,True,선택 피부 타입 리뷰에서 부정 신호가 상대적으로 높습니다. 구매 전 부정 리뷰를 먼저 확인하세요.,high_negative_signal_samples
oliveyoung::A000000225736,oliveyoung,A000000225736,[800만개판매/1등피지클리너] 일소 슈퍼 멜팅 세범 소프트너 150g 기획 (+착붙솜 40매+모공텐션마스크팩1매),일소,cleansing,26000.0,중성,291,3.4982817869415808,172,33,86,0.5910652920962199,0.1134020618556701,0.29553264604810997,1,0,1,0,0.0,1.0,0.0,근거 부족,,미백|주름,0,False,insufficient_evidence,선택 피부 타입 리뷰 수가 적어 참고용으로만 확인하세요.,insufficient_evidence,0.3,0.0,42.93,insufficient_evidence,False,False,선택 피부 타입 리뷰 수가 적어 참고용으로만 확인하세요. (중성 피부 타입은 전반적으로 리뷰 근거가 적습니다.),insufficient_evidence_samples
oliveyoung::A000000231822,oliveyoung,A000000231822,넘버즈인 1번 판토텐산 스킨케어100 블러파우더 기획 (+퍼프 1개),넘버즈인,skincare,22000.0,중성,296,3.5135135135135136,158,46,92,0.5337837837837838,0.1554054054054054,0.3108108108108108,1,0,1,0,0.0,1.0,0.0,근거 부족,,주름|트러블,0,False,insufficient_evidence,선택 피부 타입 리뷰 수가 적어 참고용으로만 확인하세요.,insufficient_evidence,0.3,0.0,42.34,insufficient_evidence,False,False,선택 피부 타입 리뷰 수가 적어 참고용으로만 확인하세요. (중성 피부 타입은 전반적으로 리뷰 근거가 적습니다.),insufficient_evidence_samples
musinsa::3365045,musinsa,3365045,오렌지 665g - 보디 스크럽,lush,beauty,60000.0,건성,2,5.0,2,0,0,1.0,0.0,0.0,1,1,0,0,1.0,0.0,0.0,근거 부족,진정|보습|트러블|탄력,,0,False,insufficient_evidence,선택 피부 타입 리뷰 수가 적어 참고용으로만 확인하세요.,insufficient_evidence,0.3,0.0,54.5,insufficient_evidence,False,False,선택 피부 타입 리뷰 수가 적어 참고용으로만 확인하세요.,insufficient_evidence_samples
musinsa::5861830,musinsa,5861830,스포츠 톤업 선쿠션 15g SPF50+ PA++++ 2개입,bushman,beauty,35900.0,복합성,2,5.0,2,0,0,1.0,0.0,0.0,1,1,0,0,1.0,0.0,0.0,근거 부족,진정|보습|유수분 조절|미백,,0,False,insufficient_evidence,선택 피부 타입 리뷰 수가 적어 참고용으로만 확인하세요.,insufficient_evidence,0.3,0.0,54.5,insufficient_evidence,False,False,선택 피부 타입 리뷰 수가 적어 참고용으로만 확인하세요.,insufficient_evidence_samples
oliveyoung::A000000234085,oliveyoung,A000000234085,[레티놀+콜라겐]아이오페 레티놀 세럼 인 겔 마스크 4매 기획 (+1매),아이오페,maskpack,30000.0,중성,272,4.117647058823529,196,43,33,0.7205882352941176,0.15808823529411764,0.1213235294117647,1,1,0,0,1.0,0.0,0.0,근거 부족,,트러블,0,False,insufficient_evidence,선택 피부 타입 리뷰 수가 적어 참고용으로만 확인하세요.,insufficient_evidence,0.3,0.0,47.57,insufficient_evidence,False,False,선택 피부 타입 리뷰 수가 적어 참고용으로만 확인하세요. (중성 피부 타입은 전반적으로 리뷰 근거가 적습니다.),insufficient_evidence_samples
musinsa::6250559,musinsa,6250559,밀크씨슬 리페어 시카 선스크린 플러스 SPF45PA3+,banobagi,beauty,24500.0,민감성,6,5.0,6,0,0,1.0,0.0,0.0,1,1,0,0,1.0,0.0,0.0,근거 부족,진정|보습|유수분 조절,,0,False,insufficient_evidence,선택 피부 타입 리뷰 수가 적어 참고용으로만 확인하세요.,insufficient_evidence,0.3,0.0,54.5,insufficient_evidence,False,False,선택 피부 타입 리뷰 수가 적어 참고용으로만 확인하세요.,insufficient_evidence_samples
oliveyoung::A000000245046,oliveyoung,A000000245046,에스트라 아토베리어365 클렌징폼 200ml,에스트라,cleansing,22000.0,민감성,81,4.506172839506172,68,9,4,0.8395061728395061,0.1111111111111111,0.04938271604938271,1,1,0,0,1.0,0.0,0.0,근거 부족,,주름|보습,0,False,insufficient_evidence,선택 피부 타입 리뷰 수가 적어 참고용으로만 확인하세요.,insufficient_evidence,0.3,0.0,50.67,insufficient_evidence,False,False,선택 피부 타입 리뷰 수가 적어 참고용으로만 확인하세요.,insufficient_evidence_samples
musinsa::3393814,musinsa,3393814,로즈마리 올인원 헤어 & 바디로션 300ML (리필),aromatica1,beauty,26000.0,건성,16,4.9375,16,0,0,1.0,0.0,0.0,1,1,0,0,1.0,0.0,0.0,근거 부족,진정|보습|탄력,,0,False,insufficient_evidence,선택 피부 타입 리뷰 수가 적어 참고용으로만 확인하세요.,insufficient_evidence,0.3,0.0,54.25,insufficient_evidence,False,False,선택 피부 타입 리뷰 수가 적어 참고용으로만 확인하세요.,insufficient_evidence_samples
musinsa::4642386,musinsa,4642386,센서티브 수용성 나이트 저자극 마사지 바디젤 무향 150ml 1개,avca,beauty,12900.0,복합성,3,5.0,3,0,0,1.0,0.0,0.0,1,1,0,0,1.0,0.0,0.0,근거 부족,진정|보습,,0,False,insufficient_evidence,선택 피부 타입 리뷰 수가 적어 참고용으로만 확인하세요.,insufficient_evidence,0.3,0.0,54.5,insufficient_evidence,False,False,선택 피부 타입 리뷰 수가 적어 참고용으로만 확인하세요.,insufficient_evidence_samples
oliveyoung::A000000232494,oliveyoung,A000000232494,[단독기획] 아누아 어성초 센텔라 레드 스팟 크림 30g 2입,아누아,skincare,39600.0,중성,228,3.6359649122807016,119,57,52,0.5219298245614035,0.25,0.22807017543859648,1,1,0,0,1.0,0.0,0.0,근거 부족,,,0,False,insufficient_evidence,선택 피부 타입 리뷰 수가 적어 참고용으로만 확인하세요.,insufficient_evidence,0.3,0.0,43.12,insufficient_evidence,False,False,선택 피부 타입 리뷰 수가 적어 참고용으로만 확인하세요. (중성 피부 타입은 전반적으로 리뷰 근거가 적습니다.),insufficient_evidence_samples
musinsa::3069109,musinsa,3069109,PDRN 스킨케어 SET 연어앰플2개+연어크림1개+연어토너1개+마스크팩 5매SET 1개+선리젠페어 1개,coopy,beauty,119000.0,민감성,1,5.0,1,0,0,1.0,0.0,0.0,1,1,0,0,1.0,0.0,0.0,근거 부족,유수분 조절|영양공급|모공,,0,False,insufficient_evidence,선택 피부 타입 리뷰 수가 적어 참고용으로만 확인하세요.,insufficient_evidence,0.3,0.0,54.5,insufficient_evidence,False,False,선택 피부 타입 리뷰 수가 적어 참고용으로만 확인하세요.,insufficient_evidence_samples
oliveyoung::A000000244349,oliveyoung,A000000244349,톡스앤필 앵글 컷 리프팅 패치 5매입,톡스앤필,maskpack,8400.0,중성,144,4.909722222222222,134,10,0,0.9305555555555556,0.06944444444444445,0.0,1,1,0,0,1.0,0.0,0.0,근거 부족,,주름,1,False,insufficient_evidence,선택 피부 타입 리뷰 수가 적어 참고용으로만 확인하세요.,insufficient_evidence,0.3,0.0,53.44,insufficient_evidence,False,False,선택 피부 타입 리뷰 수가 적어 참고용으로만 확인하세요. (중성 피부 타입은 전반적으로 리뷰 근거가 적습니다.),insufficient_evidence_samples
oliveyoung::A000000166586,oliveyoung,A000000166586,[단독/대용량] 라운드랩 자작나무 수분 크림 120ml 기획 (+수분패드 4매),라운드랩,skincare,42000.0,중성,249,3.602409638554217,151,32,66,0.606425702811245,0.1285140562248996,0.26506024096385544,1,1,0,0,1.0,0.0,0.0,근거 부족,,주름|보습,0,False,insufficient_evidence,선택 피부 타입 리뷰 수가 적어 참고용으로만 확인하세요.,insufficient_evidence,0.3,0.0,43.65,insufficient_evidence,False,False,선택 피부 타입 리뷰 수가 적어 참고용으로만 확인하세요. (중성 피부 타입은 전반적으로 리뷰 근거가 적습니다.),insufficient_evidence_samples
oliveyoung::A000000185118,oliveyoung,A000000185118,[저자극] 브링그린 티트리 시카 센시티브 클렌징 워터 500mL,브링그린,cleansing,16000.0,중성,280,4.132142857142857,183,51,46,0.6535714285714286,0.18214285714285713,0.16428571428571428,1,1,0,0,1.0,0.0,0.0,근거 부족,,,1,False,insufficient_evidence,선택 피부 타입 리뷰 수가 적어 참고용으로만 확인하세요.,insufficient_evidence,0.3,0.0,46.74,insufficient_evidence,False,False,선택 피부 타입 리뷰 수가 적어 참고용으로만 확인하세요. (중성 피부 타입은 전반적으로 리뷰 근거가 적습니다.),insufficient_evidence_samples
musinsa::6082445,musinsa,6082445,[마더스]크렘 브륄레 - 보디 스크럽,lush,beauty,26000.0,건성,1,5.0,1,0,0,1.0,0.0,0.0,1,1,0,0,1.0,0.0,0.0,근거 부족,진정|보습,,0,False,insufficient_evidence,선택 피부 타입 리뷰 수가 적어 참고용으로만 확인하세요.,insufficient_evidence,0.3,0.0,54.5,insufficient_evidence,False,False,선택 피부 타입 리뷰 수가 적어 참고용으로만 확인하세요.,insufficient_evidence_samples
oliveyoung::A000000255326,oliveyoung,A000000255326,[6월 올영픽/한정기획] 아누아 피디알엔 히알루론산 100 수분 크림 60ml 2입 기획 (+피디알엔 토너 40ml),아누아,skincare,64000.0,중성,95,4.673684210526316,84,9,2,0.8842105263157894,0.09473684210526316,0.021052631578947368,1,1,0,0,1.0,0.0,0.0,근거 부족,,트러블|홍조,0,False,insufficient_evidence,선택 피부 타입 리뷰 수가 적어 참고용으로만 확인하세요.,insufficient_evidence,0.3,0.0,51.93,insufficient_evidence,False,False,선택 피부 타입 리뷰 수가 적어 참고용으로만 확인하세요. (중성 피부 타입은 전반적으로 리뷰 근거가 적습니다.),insufficient_evidence_samples
oliveyoung::A000000254661,oliveyoung,A000000254661,아렌시아 비타민 C 부스터 샷 30ml 더블기획,아렌시아,skincare,46500.0,민감성,128,4.8203125,118,8,2,0.921875,0.0625,0.015625,1,1,0,0,1.0,0.0,0.0,근거 부족,,보습,0,False,insufficient_evidence,선택 피부 타입 리뷰 수가 적어 참고용으로만 확인하세요.,insufficient_evidence,0.3,0.0,52.92,insufficient_evidence,False,False,선택 피부 타입 리뷰 수가 적어 참고용으로만 확인하세요.,insufficient_evidence_samples
musinsa::5069336,musinsa,5069336,레모니 플러터 50g - 큐티클 버터,lush,beauty,25000.0,민감성,41,4.658536585365853,36,2,3,0.8780487804878049,0.04878048780487805,0.07317073170731707,1,1,0,0,1.0,0.0,0.0,근거 부족,진정|보습,,0,False,insufficient_evidence,선택 피부 타입 리뷰 수가 적어 참고용으로만 확인하세요.,insufficient_evidence,0.3,0.0,51.55,insufficient_evidence,False,False,선택 피부 타입 리뷰 수가 적어 참고용으로만 확인하세요.,insufficient_evidence_samples
musinsa::6011619,musinsa,6011619,시카페어 세트(젤크림+트리트먼트로션) + 시카페어 인텐시브 리페어 젤 크림 7ml 5개,drjart,beauty,57850.0,복합성,1,5.0,1,0,0,1.0,0.0,0.0,1,1,0,0,1.0,0.0,0.0,근거 부족,모공,,0,False,insufficient_evidence,선택 피부 타입 리뷰 수가 적어 참고용으로만 확인하세요.,insufficient_evidence,0.3,0.0,54.5,insufficient_evidence,False,False,선택 피부 타입 리뷰 수가 적어 참고용으로만 확인하세요.,insufficient_evidence_samples
musinsa::6299589,musinsa,6299589,"마데카소사이드 선스틱 에어리 핏 (SPF 50+) 10g, 1개",mediheal,beauty,15000.0,복합성,1,5.0,1,0,0,1.0,0.0,0.0,1,1,0,0,1.0,0.0,0.0,근거 부족,모공|유수분 조절,,0,False,insufficient_evidence,선택 피부 타입 리뷰 수가 적어 참고용으로만 확인하세요.,insufficient_evidence,0.3,0.0,54.5,insufficient_evidence,False,False,선택 피부 타입 리뷰 수가 적어 참고용으로만 확인하세요.,insufficient_evidence_samples
oliveyoung::A000000106577,oliveyoung,A000000106577,[리뉴얼/증정이벤트] 브리스킨 리얼 핏 세컨드스킨 마스크1/5매입,브리스킨,maskpack,5000.0,건성,166,3.4819277108433737,90,52,24,0.5421686746987951,0.3132530120481928,0.14457831325301204,5,2,2,1,0.4,0.4,0.2,참고 가능,,보습|각질|미백|모공|트러블,0,True,moderate_negative_signal,선택 피부 타입 리뷰에서 일부 부정 반응이 확인됩니다.,limited_evidence,0.7,0.14,50.03,caution_check,False,True,선택 피부 타입 리뷰에서 일부 부정 반응이 확인됩니다. 부정 리뷰를 먼저 확인하세요.,limited_evidence_samples
musinsa::3386963,musinsa,3386963,슬리피 95g - 바디 로션,lush,beauty,26000.0,지성,42,4.928571428571429,41,1,0,0.9761904761904762,0.023809523809523808,0.0,5,5,0,0,1.0,0.0,0.0,참고 가능,진정|보습|모공,,0,True,normal,선택 피부 타입 리뷰 기준으로 특별히 높은 부정 신호는 확인되지 않습니다.,limited_evidence,0.7,0.0,79.98,review_before_buying,False,False,선택 피부 타입 리뷰 근거가 제한적입니다. 실제 구매 전 리뷰 본문을 확인하세요.,limited_evidence_samples
musinsa::3414752,musinsa,3414752,원더 베지 톤업 선크림 SPF50+ PA++++ 50ml,hersteller,beauty,23800.0,지성,31,4.709677419354839,25,5,1,0.8064516129032258,0.16129032258064516,0.03225806451612903,5,5,0,0,1.0,0.0,0.0,참고 가능,트러블|진정|보습|유수분 조절|모공,,0,True,normal,선택 피부 타입 리뷰 기준으로 특별히 높은 부정 신호는 확인되지 않습니다.,limited_evidence,0.7,0.0,77.24,review_before_buying,False,False,선택 피부 타입 리뷰 근거가 제한적입니다. 실제 구매 전 리뷰 본문을 확인하세요.,limited_evidence_samples
oliveyoung::A000000188024,oliveyoung,A000000188024,[10매/5종] 아비브 껌딱지 시트 마스크 스티커 10매 (어성초/수분초/마데카소사이드/콜라겐밀크/비타),아비브,maskpack,40000.0,건성,113,4.84070796460177,104,4,5,0.9203539823008849,0.035398230088495575,0.04424778761061947,5,5,0,0,1.0,0.0,0.0,참고 가능,,미백|주름|보습|각질,0,True,normal,선택 피부 타입 리뷰 기준으로 특별히 높은 부정 신호는 확인되지 않습니다.,limited_evidence,0.7,0.0,78.85,review_before_buying,False,False,선택 피부 타입 리뷰 근거가 제한적입니다. 실제 구매 전 리뷰 본문을 확인하세요.,limited_evidence_samples
oliveyoung::A000000241733,oliveyoung,A000000241733,[1+1/블랙헤드 메컵 쓱싹] 에스네이처 아쿠아 라이스 클렌징오일 200ml 리필기획 (+리필 200ml),에스네이처,cleansing,32000.0,중성,239,4.125523012552302,171,37,31,0.7154811715481172,0.15481171548117154,0.1297071129707113,5,4,1,0,0.8,0.2,0.0,참고 가능,,주름|미백|모공,0,True,normal,선택 피부 타입 리뷰 기준으로 특별히 높은 부정 신호는 확인되지 않습니다.,limited_evidence,0.7,0.0,73.51,review_before_buying,False,False,선택 피부 타입 리뷰 근거가 제한적입니다. 실제 구매 전 리뷰 본문을 확인하세요. (중성 피부 타입은 전반적으로 리뷰 근거가 적습니다.),limited_evidence_samples
oliveyoung::A000000225189,oliveyoung,A000000225189,[대용량/저자극] 바닐라코 클린잇제로 립&아이리무버 300ml,바닐라코,cleansing,16000.0,중성,261,4.241379310344827,183,40,38,0.7011494252873564,0.1532567049808429,0.14559386973180077,5,2,1,2,0.4,0.2,0.4,참고 가능,,미백|주름|보습|홍조,1,True,high_negative_signal,선택 피부 타입 리뷰에서 부정 반응 비율이 상대적으로 높습니다. 구매 전 부정 리뷰를 먼저 확인하세요.,limited_evidence,0.7,0.28,35.55,negative_review_first,False,True,선택 피부 타입 리뷰에서 부정 신호가 상대적으로 높습니다. 구매 전 부정 리뷰를 먼저 확인하세요. (중성 피부 타입은 전반적으로 리뷰 근거가 적습니다.),limited_evidence_samples
oliveyoung::A000000159921,oliveyoung,A000000159921,라로슈포제 시카플라스트 로션 B5 판테놀 시카에센스 토너 200ml,라로슈포제,skincare,37000.0,건성,236,3.8983050847457625,158,34,44,0.6694915254237288,0.1440677966101695,0.1864406779661017,5,3,0,2,0.6,0.0,0.4,참고 가능,,보습|미백|주름|탄력|모공,0,True,high_negative_signal,선택 피부 타입 리뷰에서 부정 반응 비율이 상대적으로 높습니다. 구매 전 부정 리뷰를 먼저 확인하세요.,limited_evidence,0.7,0.28,33.66,negative_review_first,False,True,선택 피부 타입 리뷰에서 부정 신호가 상대적으로 높습니다. 구매 전 부정 리뷰를 먼저 확인하세요.,limited_evidence_samples
oliveyoung::A000000184368,oliveyoung,A000000184368,[모공&블랙헤드/노란티스] 티스 딥 오프 클렌징오일 320ml,티스,cleansing,20000.0,민감성,264,3.867424242424242,155,42,67,0.5871212121212122,0.1590909090909091,0.2537878787878788,5,1,0,4,0.2,0.0,0.8,참고 가능,,보습|홍조|미백,1,True,high_negative_signal,선택 피부 타입 리뷰에서 부정 반응 비율이 상대적으로 높습니다. 구매 전 부정 리뷰를 먼저 확인하세요.,limited_evidence,0.7,0.56,14.17,negative_review_first,False,True,선택 피부 타입 리뷰에서 부정 신호가 상대적으로 높습니다. 구매 전 부정 리뷰를 먼저 확인하세요.,limited_evidence_samples
musinsa::6169395,musinsa,6169395,[슈퍼 마리오 갤럭시 X 러쉬] 요시 에그 330g - 배쓰 밤/입욕제,lush,beauty,34000.0,복합성,7,4.428571428571429,7,0,0,1.0,0.0,0.0,5,5,0,0,1.0,0.0,0.0,참고 가능,모공|진정|보습|탄력,,0,True,normal,선택 피부 타입 리뷰 기준으로 특별히 높은 부정 신호는 확인되지 않습니다.,limited_evidence,0.7,0.0,78.21,review_before_buying,False,False,선택 피부 타입 리뷰 근거가 제한적입니다. 실제 구매 전 리뷰 본문을 확인하세요.,limited_evidence_samples
oliveyoung::A000000236477,oliveyoung,A000000236477,[온라인 단독/촉촉톤업] 셀퓨전씨 잡티 토닝 썬스크린 50ml+20ml 기획,셀퓨전씨,suncare,27900.0,지성,30,4.766666666666667,25,3,2,0.8333333333333334,0.1,0.06666666666666667,5,4,0,1,0.8,0.0,0.2,참고 가능,,보습|주름|미백,3,True,moderate_negative_signal,선택 피부 타입 리뷰에서 일부 부정 반응이 확인됩니다.,limited_evidence,0.7,0.14,58.47,caution_check,False,True,선택 피부 타입 리뷰에서 일부 부정 반응이 확인됩니다. 부정 리뷰를 먼저 확인하세요.,limited_evidence_samples
oliveyoung::A000000251852,oliveyoung,A000000251852,[NEW] 메디힐 PDRN 수분 선세럼 매끈 톤업 50g,메디힐,suncare,22000.0,복합성,79,4.810126582278481,72,2,5,0.9113924050632911,0.02531645569620253,0.06329113924050633,5,5,0,0,1.0,0.0,0.0,참고 가능,,미백|트러블|보습|모공,0,True,normal,선택 피부 타입 리뷰 기준으로 특별히 높은 부정 신호는 확인되지 않습니다.,limited_evidence,0.7,0.0,78.54,review_before_buying,False,False,선택 피부 타입 리뷰 근거가 제한적입니다. 실제 구매 전 리뷰 본문을 확인하세요.,limited_evidence_samples
musinsa::5020850,musinsa,5020850,[2PACK] 젠틀키스 글로우 틴트 듀오 (9color) + 펜글리터 02선셋글로우 증정,tooq,beauty,31200.0,건성,20,4.65,18,2,0,0.9,0.1,0.0,5,4,1,0,0.8,0.2,0.0,참고 가능,진정|보습|미백|탄력|유수분 조절,,0,True,normal,선택 피부 타입 리뷰 기준으로 특별히 높은 부정 신호는 확인되지 않습니다.,limited_evidence,0.7,0.0,78.1,review_before_buying,False,False,선택 피부 타입 리뷰 근거가 제한적입니다. 실제 구매 전 리뷰 본문을 확인하세요.,limited_evidence_samples
oliveyoung::A000000244322,oliveyoung,A000000244322,[역대급증정/4매입/5종쿨링리프팅] 에스네이처 아쿠아 스쿠알란 수분크림 랩핑마스크 4매 기획 (+발렌 스티커팩),에스네이처,maskpack,24000.0,중성,301,3.9368770764119603,186,70,45,0.6179401993355482,0.23255813953488372,0.14950166112956811,5,3,1,1,0.6,0.2,0.2,참고 가능,,홍조|미백|트러블|모공|각질,2,True,moderate_negative_signal,선택 피부 타입 리뷰에서 일부 부정 반응이 확인됩니다.,limited_evidence,0.7,0.14,52.58,caution_check,False,True,선택 피부 타입 리뷰에서 일부 부정 반응이 확인됩니다. 부정 리뷰를 먼저 확인하세요. (중성 피부 타입은 전반적으로 리뷰 근거가 적습니다.),limited_evidence_samples
oliveyoung::A000000245096,oliveyoung,A000000245096,에스트라 아토베리어365 포밍 클렌저 150ml,에스트라,cleansing,20000.0,건성,236,4.461864406779661,199,24,13,0.8432203389830508,0.1016949152542373,0.05508474576271186,5,3,2,0,0.6,0.4,0.0,참고 가능,,모공|보습,1,True,normal,선택 피부 타입 리뷰 기준으로 특별히 높은 부정 신호는 확인되지 않습니다.,limited_evidence,0.7,0.0,76.5,review_before_buying,False,False,선택 피부 타입 리뷰 근거가 제한적입니다. 실제 구매 전 리뷰 본문을 확인하세요.,limited_evidence_samples
oliveyoung::A000000191483,oliveyoung,A000000191483,[박희선Pick/대용량] 아누아 어성초 포어 컨트롤 클렌징오일 350ml,아누아,cleansing,29900.0,지성,69,4.855072463768116,61,5,3,0.8840579710144928,0.07246376811594203,0.043478260869565216,5,5,0,0,1.0,0.0,0.0,참고 가능,,미백|보습|각질|트러블|모공,1,True,normal,선택 피부 타입 리뷰 기준으로 특별히 높은 부정 신호는 확인되지 않습니다.,limited_evidence,0.7,0.0,78.54,review_before_buying,False,False,선택 피부 타입 리뷰 근거가 제한적입니다. 실제 구매 전 리뷰 본문을 확인하세요.,limited_evidence_samples
musinsa::4637456,musinsa,4637456,HDEX 바디스프레이 3종,hadex,beauty,39000.0,지성,28,4.821428571428571,25,2,1,0.8928571428571429,0.07142857142857142,0.03571428571428571,5,5,0,0,1.0,0.0,0.0,참고 가능,유수분 조절|모공|트러블|진정|보습,,0,True,normal,선택 피부 타입 리뷰 기준으로 특별히 높은 부정 신호는 확인되지 않습니다.,limited_evidence,0.7,0.0,78.54,review_before_buying,False,False,선택 피부 타입 리뷰 근거가 제한적입니다. 실제 구매 전 리뷰 본문을 확인하세요.,limited_evidence_samples
musinsa::6257583,musinsa,6257583,산리오 헬로키티 퍼퓸드 슈가&씨솔트 바디스크럽 510g/600g,plu,beauty,16800.0,복합성,10,4.7,9,0,1,0.9,0.0,0.1,5,4,0,1,0.8,0.0,0.2,참고 가능,모공|탄력|미백|진정|보습,,0,True,moderate_negative_signal,선택 피부 타입 리뷰에서 일부 부정 반응이 확인됩니다.,limited_evidence,0.7,0.14,58.7,caution_check,False,True,선택 피부 타입 리뷰에서 일부 부정 반응이 확인됩니다. 부정 리뷰를 먼저 확인하세요.,limited_evidence_samples
oliveyoung::A000000254199,oliveyoung,A000000254199,[특가/리얼겔패드] NEW 노프랍 하이드로겔 패드 3종 (콜라겐/수분/모공),노프랍,maskpack,32000.0,복합성,62,4.935483870967742,59,2,1,0.9516129032258065,0.03225806451612903,0.016129032258064516,5,5,0,0,1.0,0.0,0.0,참고 가능,,미백|주름|보습,1,True,normal,선택 피부 타입 리뷰 기준으로 특별히 높은 부정 신호는 확인되지 않습니다.,limited_evidence,0.7,0.0,79.68,review_before_buying,False,False,선택 피부 타입 리뷰 근거가 제한적입니다. 실제 구매 전 리뷰 본문을 확인하세요.,limited_evidence_samples
oliveyoung::A000000246897,oliveyoung,A000000246897,"[1+1/핑구키링증정] 마미케어 바다포도 레티놀 모공앰플 50ml 리필기획(+핑구,핑가 키링 랜덤증정)",마미케어,skincare,44000.0,민감성,208,4.326923076923077,155,35,18,0.7451923076923077,0.16826923076923078,0.08653846153846154,5,5,0,0,1.0,0.0,0.0,참고 가능,,홍조|보습|각질|주름,2,True,normal,선택 피부 타입 리뷰 기준으로 특별히 높은 부정 신호는 확인되지 않습니다.,limited_evidence,0.7,0.0,74.83,review_before_buying,False,False,선택 피부 타입 리뷰 근거가 제한적입니다. 실제 구매 전 리뷰 본문을 확인하세요.,limited_evidence_samples
oliveyoung::A000000211302,oliveyoung,A000000211302,[7일특가/쿨링진정/화잘먹수분썬] 에스네이처 아쿠아 365 UV 선크림 40ml,에스네이처,suncare,20000.0,복합성,56,4.839285714285714,54,1,1,0.9642857142857143,0.017857142857142856,0.017857142857142856,5,5,0,0,1.0,0.0,0.0,참고 가능,,모공|트러블|미백|주름,1,True,normal,선택 피부 타입 리뷰 기준으로 특별히 높은 부정 신호는 확인되지 않습니다.,limited_evidence,0.7,0.0,79.41,review_before_buying,False,False,선택 피부 타입 리뷰 근거가 제한적입니다. 실제 구매 전 리뷰 본문을 확인하세요.,limited_evidence_samples
oliveyoung::A000000253919,oliveyoung,A000000253919,쥬베룩 PDLLA 콜라겐 부스팅 마스크 4매,쥬베룩,maskpack,36000.0,복합성,124,4.975806451612903,123,1,0,0.9919354838709677,0.008064516129032258,0.0,21,21,0,0,1.0,0.0,0.0,비교적 신뢰 가능,,미백|주름|보습|모공|각질,5,True,normal,선택 피부 타입 리뷰 기준으로 특별히 높은 부정 신호는 확인되지 않습니다.,strong_evidence,1.0,0.0,99.82,strong_candidate,True,False,선택 피부 타입 리뷰 기준 부정 신호가 낮은 편입니다.,strong_evidence_samples
oliveyoung::A000000253919,oliveyoung,A000000253919,쥬베룩 PDLLA 콜라겐 부스팅 마스크 4매,쥬베룩,maskpack,36000.0,지성,124,4.975806451612903,123,1,0,0.9919354838709677,0.008064516129032258,0.0,22,22,0,0,1.0,0.0,0.0,비교적 신뢰 가능,,미백|주름|모공|보습|홍조,4,True,normal,선택 피부 타입 리뷰 기준으로 특별히 높은 부정 신호는 확인되지 않습니다.,strong_evidence,1.0,0.0,99.82,strong_candidate,True,False,선택 피부 타입 리뷰 기준 부정 신호가 낮은 편입니다.,strong_evidence_samples
oliveyoung::A000000255622,oliveyoung,A000000255622,[짜서쓰는클밤/쫀쫀모공] 네시픽 라이스 펩타 콜라겐 샤베트 클렌징밤 80g,네시픽,cleansing,22000.0,지성,109,5.0,107,1,1,0.981651376146789,0.009174311926605505,0.009174311926605505,22,22,0,0,1.0,0.0,0.0,비교적 신뢰 가능,,미백|모공|주름|보습|각질,2,True,normal,선택 피부 타입 리뷰 기준으로 특별히 높은 부정 신호는 확인되지 않습니다.,strong_evidence,1.0,0.0,99.77,strong_candidate,True,False,선택 피부 타입 리뷰 기준 부정 신호가 낮은 편입니다.,strong_evidence_samples
musinsa::3324516,musinsa,3324516,그린티 허니드롭스 바디크림 500ml,elizabetharden,beauty,38300.0,복합성,53,4.943396226415095,53,0,0,1.0,0.0,0.0,36,36,0,0,1.0,0.0,0.0,비교적 신뢰 가능,진정|보습|모공|탄력|유수분 조절,,0,True,normal,선택 피부 타입 리뷰 기준으로 특별히 높은 부정 신호는 확인되지 않습니다.,strong_evidence,1.0,0.0,99.77,strong_candidate,True,False,선택 피부 타입 리뷰 기준 부정 신호가 낮은 편입니다.,strong_evidence_samples
musinsa::6299094,musinsa,6299094,액티브 스웨트프루프 선스틱 + 쿨 데오 샤워티슈 1매,obge,beauty,19800.0,복합성,82,5.0,80,2,0,0.975609756097561,0.024390243902439025,0.0,45,44,1,0,0.9777777777777777,0.022222222222222223,0.0,비교적 신뢰 가능,진정|보습|유수분 조절|모공|탄력,,0,True,normal,선택 피부 타입 리뷰 기준으로 특별히 높은 부정 신호는 확인되지 않습니다.,strong_evidence,1.0,0.0,99.76,strong_candidate,True,False,선택 피부 타입 리뷰 기준 부정 신호가 낮은 편입니다.,strong_evidence_samples
musinsa::6299094,musinsa,6299094,액티브 스웨트프루프 선스틱 + 쿨 데오 샤워티슈 1매,obge,beauty,19800.0,지성,82,5.0,80,2,0,0.975609756097561,0.024390243902439025,0.0,21,20,1,0,0.9523809523809523,0.047619047619047616,0.0,비교적 신뢰 가능,진정|보습|유수분 조절|모공|트러블,,0,True,normal,선택 피부 타입 리뷰 기준으로 특별히 높은 부정 신호는 확인되지 않습니다.,strong_evidence,1.0,0.0,99.76,strong_candidate,True,False,선택 피부 타입 리뷰 기준 부정 신호가 낮은 편입니다.,strong_evidence_samples
musinsa::4258330,musinsa,4258330,바디 에멀전 타입 R 프라그란트 보틀 300ml,abib,beauty,28000.0,복합성,49,4.938775510204081,49,0,0,1.0,0.0,0.0,21,21,0,0,1.0,0.0,0.0,비교적 신뢰 가능,진정|보습|모공|유수분 조절|영양공급,,0,True,normal,선택 피부 타입 리뷰 기준으로 특별히 높은 부정 신호는 확인되지 않습니다.,strong_evidence,1.0,0.0,99.76,strong_candidate,True,False,선택 피부 타입 리뷰 기준 부정 신호가 낮은 편입니다.,strong_evidence_samples
musinsa::3063032,musinsa,3063032,비건 릴리프 워터 에센스 선크림,hamel,beauty,26800.0,복합성,223,4.982062780269058,219,3,1,0.9820627802690582,0.013452914798206279,0.004484304932735426,40,40,0,0,1.0,0.0,0.0,비교적 신뢰 가능,진정|보습|유수분 조절|모공|탄력,,0,True,normal,선택 피부 타입 리뷰 기준으로 특별히 높은 부정 신호는 확인되지 않습니다.,strong_evidence,1.0,0.0,99.73,strong_candidate,True,False,선택 피부 타입 리뷰 기준 부정 신호가 낮은 편입니다.,strong_evidence_samples
musinsa::6261460,musinsa,6261460,[SET] 아쿠아 퓨어 히알루로닉 크림  2개 + 세럼 2개 (증정: 멀티 히알루론산 마스크 5매),beplain,beauty,100000.0,복합성,49,4.959183673469388,48,1,0,0.9795918367346939,0.02040816326530612,0.0,26,25,1,0,0.9615384615384616,0.038461538461538464,0.0,비교적 신뢰 가능,진정|보습|모공|탄력|유수분 조절,,0,True,normal,선택 피부 타입 리뷰 기준으로 특별히 높은 부정 신호는 확인되지 않습니다.,strong_evidence,1.0,0.0,99.63,strong_candidate,True,False,선택 피부 타입 리뷰 기준 부정 신호가 낮은 편입니다.,strong_evidence_samples
musinsa::5859496,musinsa,5859496,[옵션선택] 코튼풋 발을씻자 풋샴푸 510ml 2개 + 리필 500ml 1개,onthebody,beauty,19900.0,복합성,164,4.9817073170731705,159,5,0,0.9695121951219512,0.03048780487804878,0.0,86,85,1,0,0.9883720930232558,0.011627906976744186,0.0,비교적 신뢰 가능,진정|보습|유수분 조절|모공|탄력,,0,True,normal,선택 피부 타입 리뷰 기준으로 특별히 높은 부정 신호는 확인되지 않습니다.,strong_evidence,1.0,0.0,99.62,strong_candidate,True,False,선택 피부 타입 리뷰 기준 부정 신호가 낮은 편입니다.,strong_evidence_samples
musinsa::5859496,musinsa,5859496,[옵션선택] 코튼풋 발을씻자 풋샴푸 510ml 2개 + 리필 500ml 1개,onthebody,beauty,19900.0,지성,164,4.9817073170731705,159,5,0,0.9695121951219512,0.03048780487804878,0.0,42,39,3,0,0.9285714285714286,0.07142857142857142,0.0,비교적 신뢰 가능,진정|보습|트러블|유수분 조절|모공,,0,True,normal,선택 피부 타입 리뷰 기준으로 특별히 높은 부정 신호는 확인되지 않습니다.,strong_evidence,1.0,0.0,99.62,strong_candidate,True,False,선택 피부 타입 리뷰 기준 부정 신호가 낮은 편입니다.,strong_evidence_samples
musinsa::5859496,musinsa,5859496,[옵션선택] 코튼풋 발을씻자 풋샴푸 510ml 2개 + 리필 500ml 1개,onthebody,beauty,19900.0,건성,164,4.9817073170731705,159,5,0,0.9695121951219512,0.03048780487804878,0.0,23,22,1,0,0.9565217391304348,0.043478260869565216,0.0,비교적 신뢰 가능,진정|보습|탄력|영양공급|모공,,0,True,normal,선택 피부 타입 리뷰 기준으로 특별히 높은 부정 신호는 확인되지 않습니다.,strong_evidence,1.0,0.0,99.62,strong_candidate,True,False,선택 피부 타입 리뷰 기준 부정 신호가 낮은 편입니다.,strong_evidence_samples
musinsa::3202723,musinsa,3202723,TYPE No.91 원더바이브 핸드워시 350ml,typeno,beauty,14000.0,복합성,95,4.926315789473684,94,1,0,0.9894736842105263,0.010526315789473684,0.0,28,28,0,0,1.0,0.0,0.0,비교적 신뢰 가능,진정|보습|유수분 조절|탄력|모공,,0,True,normal,선택 피부 타입 리뷰 기준으로 특별히 높은 부정 신호는 확인되지 않습니다.,strong_evidence,1.0,0.0,99.6,strong_candidate,True,False,선택 피부 타입 리뷰 기준 부정 신호가 낮은 편입니다.,strong_evidence_samples
oliveyoung::A000000254773,oliveyoung,A000000254773,쥬베룩 PDLLA 콜라겐 부스팅 앰플 20g (+프로텍팅 크림 2ml*5EA) (2604),쥬베룩,skincare,62000.0,지성,119,4.983193277310924,115,4,0,0.9663865546218487,0.03361344537815126,0.0,22,20,2,0,0.9090909090909091,0.09090909090909091,0.0,비교적 신뢰 가능,,미백|주름|보습|각질|트러블,6,True,normal,선택 피부 타입 리뷰 기준으로 특별히 높은 부정 신호는 확인되지 않습니다.,strong_evidence,1.0,0.0,99.6,strong_candidate,True,False,선택 피부 타입 리뷰 기준 부정 신호가 낮은 편입니다.,strong_evidence_samples
oliveyoung::A000000254492,oliveyoung,A000000254492,[NEW/단독선런칭] 바이오던스 아이패치 60매 2종 택 1 (콜라겐/캐비어 PDRN),바이오던스,maskpack,27000.0,복합성,169,4.952662721893491,165,4,0,0.9763313609467456,0.023668639053254437,0.0,24,24,0,0,1.0,0.0,0.0,비교적 신뢰 가능,,미백|트러블|모공|주름|보습,3,True,normal,선택 피부 타입 리뷰 기준으로 특별히 높은 부정 신호는 확인되지 않습니다.,strong_evidence,1.0,0.0,99.57,strong_candidate,True,False,선택 피부 타입 리뷰 기준 부정 신호가 낮은 편입니다.,strong_evidence_samples
oliveyoung::A000000254492,oliveyoung,A000000254492,[NEW/단독선런칭] 바이오던스 아이패치 60매 2종 택 1 (콜라겐/캐비어 PDRN),바이오던스,maskpack,27000.0,지성,169,4.952662721893491,165,4,0,0.9763313609467456,0.023668639053254437,0.0,26,26,0,0,1.0,0.0,0.0,비교적 신뢰 가능,,미백|각질|주름|보습|탄력,1,True,normal,선택 피부 타입 리뷰 기준으로 특별히 높은 부정 신호는 확인되지 않습니다.,strong_evidence,1.0,0.0,99.57,strong_candidate,True,False,선택 피부 타입 리뷰 기준 부정 신호가 낮은 편입니다.,strong_evidence_samples
oliveyoung::A000000247859,oliveyoung,A000000247859,[성한빈 PICK] 원더바스 레몬청 팩클렌저 200ml 기획 (+50ml),조성아뷰티,cleansing,19900.0,복합성,134,4.940298507462686,131,3,0,0.9776119402985075,0.022388059701492536,0.0,20,20,0,0,1.0,0.0,0.0,비교적 신뢰 가능,,미백|주름|모공|홍조|트러블,2,True,normal,선택 피부 타입 리뷰 기준으로 특별히 높은 부정 신호는 확인되지 않습니다.,strong_evidence,1.0,0.0,99.54,strong_candidate,True,False,선택 피부 타입 리뷰 기준 부정 신호가 낮은 편입니다.,strong_evidence_samples
oliveyoung::A000000247859,oliveyoung,A000000247859,[성한빈 PICK] 원더바스 레몬청 팩클렌저 200ml 기획 (+50ml),조성아뷰티,cleansing,19900.0,지성,134,4.940298507462686,131,3,0,0.9776119402985075,0.022388059701492536,0.0,34,33,1,0,0.9705882352941176,0.029411764705882353,0.0,비교적 신뢰 가능,,미백|주름|모공|각질|트러블,9,True,normal,선택 피부 타입 리뷰 기준으로 특별히 높은 부정 신호는 확인되지 않습니다.,strong_evidence,1.0,0.0,99.54,strong_candidate,True,False,선택 피부 타입 리뷰 기준 부정 신호가 낮은 편입니다.,strong_evidence_samples
oliveyoung::A000000254380,oliveyoung,A000000254380,SNP 빅 패치 2종 [콜라겐 퍼펙션 / 글루타치온 다크제로] 60매입,SNP,maskpack,28000.0,지성,105,4.923809523809524,103,1,1,0.9809523809523809,0.009523809523809525,0.009523809523809525,23,22,1,0,0.9565217391304348,0.043478260869565216,0.0,비교적 신뢰 가능,,모공|미백|보습|각질|주름,4,True,normal,선택 피부 타입 리뷰 기준으로 특별히 높은 부정 신호는 확인되지 않습니다.,strong_evidence,1.0,0.0,99.46,strong_candidate,True,False,선택 피부 타입 리뷰 기준 부정 신호가 낮은 편입니다.,strong_evidence_samples
musinsa::2616586,musinsa,2616586,DMT 바디로션 400ml+추가증정,physiogel,beauty,24900.0,복합성,108,4.944444444444445,105,2,1,0.9722222222222222,0.018518518518518517,0.009259259259259259,44,43,1,0,0.9772727272727273,0.022727272727272728,0.0,비교적 신뢰 가능,진정|보습|모공|탄력|유수분 조절,,0,True,normal,선택 피부 타입 리뷰 기준으로 특별히 높은 부정 신호는 확인되지 않습니다.,strong_evidence,1.0,0.0,99.45,strong_candidate,True,False,선택 피부 타입 리뷰 기준 부정 신호가 낮은 편입니다.,strong_evidence_samples
oliveyoung::A000000229695,oliveyoung,A000000229695,[장도연 PICK/초밀착 세럼팩] 메디힐 랩핑 세럼 마스크 10매 6종,메디힐,maskpack,30000.0,중성,314,3.828025477707006,208,30,76,0.6624203821656051,0.09554140127388536,0.24203821656050956,2,0,0,2,0.0,0.0,1.0,근거 부족,,모공|보습|미백|주름,0,False,insufficient_evidence,선택 피부 타입 리뷰 수가 적어 참고용으로만 확인하세요.,insufficient_evidence,0.3,0.3,25.73,insufficient_evidence,False,True,선택 피부 타입 리뷰 수가 적어 참고용으로만 확인하세요. (중성 피부 타입은 전반적으로 리뷰 근거가 적습니다.),neutral_skin_type_samples
oliveyoung::A000000231589,oliveyoung,A000000231589,[5월 올영픽][대용량] 제로이드 수딩 크림 80ml 기획 (+50ml),제로이드,skincare,38000.0,중성,285,3.5403508771929824,164,33,88,0.5754385964912281,0.11578947368421053,0.3087719298245614,3,2,1,0,0.6666666666666666,0.3333333333333333,0.0,근거 부족,,모공|미백|주름,2,False,insufficient_evidence,선택 피부 타입 리뷰 수가 적어 참고용으로만 확인하세요.,insufficient_evidence,0.3,0.0,42.87,insufficient_evidence,False,False,선택 피부 타입 리뷰 수가 적어 참고용으로만 확인하세요. (중성 피부 타입은 전반적으로 리뷰 근거가 적습니다.),neutral_skin_type_samples
oliveyoung::A000000254466,oliveyoung,A000000254466,[NEW/단독선런칭] 바이오던스 리포좀 버블 부스터 95ml 2종 택 1 (콜라겐/캐비어 PDRN),바이오던스,maskpack,28000.0,중성,188,4.835106382978723,172,12,4,0.9148936170212766,0.06382978723404255,0.02127659574468085,2,2,0,0,1.0,0.0,0.0,근거 부족,,미백|보습|주름|모공,0,False,insufficient_evidence,선택 피부 타입 리뷰 수가 적어 참고용으로만 확인하세요.,insufficient_evidence,0.3,0.0,52.88,insufficient_evidence,False,False,선택 피부 타입 리뷰 수가 적어 참고용으로만 확인하세요. (중성 피부 타입은 전반적으로 리뷰 근거가 적습니다.),neutral_skin_type_samples
oliveyoung::A000000232494,oliveyoung,A000000232494,[단독기획] 아누아 어성초 센텔라 레드 스팟 크림 30g 2입,아누아,skincare,39600.0,중성,228,3.6359649122807016,119,57,52,0.5219298245614035,0.25,0.22807017543859648,1,1,0,0,1.0,0.0,0.0,근거 부족,,,0,False,insufficient_evidence,선택 피부 타입 리뷰 수가 적어 참고용으로만 확인하세요.,insufficient_evidence,0.3,0.0,43.12,insufficient_evidence,False,False,선택 피부 타입 리뷰 수가 적어 참고용으로만 확인하세요. (중성 피부 타입은 전반적으로 리뷰 근거가 적습니다.),neutral_skin_type_samples
oliveyoung::A000000158752,oliveyoung,A000000158752,[1등마스크] 토리든 시트 마스크 10매 4종(수분/진정/브라이트닝/모공),토리든,maskpack,30000.0,중성,280,4.135714285714286,207,36,37,0.7392857142857143,0.12857142857142856,0.13214285714285715,2,2,0,0,1.0,0.0,0.0,근거 부족,,미백|주름,0,False,insufficient_evidence,선택 피부 타입 리뷰 수가 적어 참고용으로만 확인하세요.,insufficient_evidence,0.3,0.0,47.78,insufficient_evidence,False,False,선택 피부 타입 리뷰 수가 적어 참고용으로만 확인하세요. (중성 피부 타입은 전반적으로 리뷰 근거가 적습니다.),neutral_skin_type_samples
oliveyoung::A000000230821,oliveyoung,A000000230821,[수분민감/미세먼지OUT] 라곰 셀럽 마이크로 폼 클렌저 2종 택 1,라곰,cleansing,29000.0,중성,293,3.7645051194539247,193,22,78,0.658703071672355,0.07508532423208192,0.26621160409556316,2,2,0,0,1.0,0.0,0.0,근거 부족,,미백|트러블,1,False,insufficient_evidence,선택 피부 타입 리뷰 수가 적어 참고용으로만 확인하세요.,insufficient_evidence,0.3,0.0,44.81,insufficient_evidence,False,False,선택 피부 타입 리뷰 수가 적어 참고용으로만 확인하세요. (중성 피부 타입은 전반적으로 리뷰 근거가 적습니다.),neutral_skin_type_samples
oliveyoung::A000000226553,oliveyoung,A000000226553,[유수분밸런스]브링그린 티트리 시카 수딩 크림 플러스 100ml (2입/단품),브링그린,skincare,34200.0,중성,267,3.5205992509363297,162,23,82,0.6067415730337079,0.08614232209737828,0.30711610486891383,4,4,0,0,1.0,0.0,0.0,근거 부족,,미백|주름|보습,0,False,insufficient_evidence,선택 피부 타입 리뷰 수가 적어 참고용으로만 확인하세요.,insufficient_evidence,0.3,0.0,43.11,insufficient_evidence,False,False,선택 피부 타입 리뷰 수가 적어 참고용으로만 확인하세요. (중성 피부 타입은 전반적으로 리뷰 근거가 적습니다.),neutral_skin_type_samples
oliveyoung::A000000232212,oliveyoung,A000000232212,[모공에센스] VT 리들샷 100 에센스 30ml 더블 기획(+피디알엔 에센스 100 1.5ml*3ea),VT,skincare,31500.0,중성,87,4.551724137931035,68,8,11,0.7816091954022989,0.09195402298850575,0.12643678160919541,2,1,1,0,0.5,0.5,0.0,근거 부족,,각질,2,False,insufficient_evidence,선택 피부 타입 리뷰 수가 적어 참고용으로만 확인하세요.,insufficient_evidence,0.3,0.0,49.89,insufficient_evidence,False,False,선택 피부 타입 리뷰 수가 적어 참고용으로만 확인하세요. (중성 피부 타입은 전반적으로 리뷰 근거가 적습니다.),neutral_skin_type_samples
oliveyoung::A000000229630,oliveyoung,A000000229630,스킨푸드 블랙슈가 마스크 워시오프 120g 더블기획 (본품+본품),스킨푸드,maskpack,28000.0,중성,210,3.676190476190476,122,34,54,0.580952380952381,0.1619047619047619,0.2571428571428571,1,0,1,0,0.0,1.0,0.0,근거 부족,,트러블|보습,0,False,insufficient_evidence,선택 피부 타입 리뷰 수가 적어 참고용으로만 확인하세요.,insufficient_evidence,0.3,0.0,43.73,insufficient_evidence,False,False,선택 피부 타입 리뷰 수가 적어 참고용으로만 확인하세요. (중성 피부 타입은 전반적으로 리뷰 근거가 적습니다.),neutral_skin_type_samples
oliveyoung::A000000211170,oliveyoung,A000000211170,[단독기획/추가증정] 셀리맥스 시카 지우개 패드 60+20매 기획세트,셀리맥스,maskpack,20000.0,중성,249,4.124497991967871,165,53,31,0.6626506024096386,0.21285140562248997,0.12449799196787148,2,2,0,0,1.0,0.0,0.0,근거 부족,,주름|모공|미백|홍조,0,False,insufficient_evidence,선택 피부 타입 리뷰 수가 적어 참고용으로만 확인하세요.,insufficient_evidence,0.3,0.0,47.0,insufficient_evidence,False,False,선택 피부 타입 리뷰 수가 적어 참고용으로만 확인하세요. (중성 피부 타입은 전반적으로 리뷰 근거가 적습니다.),neutral_skin_type_samples
oliveyoung::A000000222790,oliveyoung,A000000222790,아누아 어성초 피지쏙 모공 폼 150ml 2입 기획,아누아,cleansing,28000.0,중성,257,4.093385214007782,169,61,27,0.6575875486381323,0.23735408560311283,0.10505836575875487,3,2,0,1,0.6666666666666666,0.0,0.3333333333333333,근거 부족,,보습|홍조|미백|주름,0,False,insufficient_evidence,선택 피부 타입 리뷰 수가 적어 참고용으로만 확인하세요.,insufficient_evidence,0.3,0.1,40.42,insufficient_evidence,False,True,선택 피부 타입 리뷰 수가 적어 참고용으로만 확인하세요. (중성 피부 타입은 전반적으로 리뷰 근거가 적습니다.),neutral_skin_type_samples
oliveyoung::A000000249451,oliveyoung,A000000249451,[사나PICK]비오레 UV 아쿠아 리치 워터리 에센스 50g 단품/더블기획,비오레,suncare,18000.0,중성,163,4.680981595092025,145,14,4,0.8895705521472392,0.08588957055214724,0.024539877300613498,3,2,1,0,0.6666666666666666,0.3333333333333333,0.0,근거 부족,,미백|각질|모공|주름,1,False,insufficient_evidence,선택 피부 타입 리뷰 수가 적어 참고용으로만 확인하세요.,insufficient_evidence,0.3,0.0,52.0,insufficient_evidence,False,False,선택 피부 타입 리뷰 수가 적어 참고용으로만 확인하세요. (중성 피부 타입은 전반적으로 리뷰 근거가 적습니다.),neutral_skin_type_samples
oliveyoung::A000000202678,oliveyoung,A000000202678,[블랙헤드 쏙] 바닐라코 클린잇제로 포어클래리파잉 클렌징밤 100ml,바닐라코,cleansing,20000.0,중성,303,3.9042904290429044,202,22,79,0.6666666666666666,0.07260726072607261,0.2607260726072607,2,2,0,0,1.0,0.0,0.0,근거 부족,,홍조|주름|모공,1,False,insufficient_evidence,선택 피부 타입 리뷰 수가 적어 참고용으로만 확인하세요.,insufficient_evidence,0.3,0.0,45.48,insufficient_evidence,False,False,선택 피부 타입 리뷰 수가 적어 참고용으로만 확인하세요. (중성 피부 타입은 전반적으로 리뷰 근거가 적습니다.),neutral_skin_type_samples
oliveyoung::A000000235179,oliveyoung,A000000235179,[물광리프팅] 성분에디터 실크펩타이드 EGF 하트핏 볼륨 리프팅 앰플 40ml 더블기획,성분에디터,skincare,43000.0,중성,278,4.140287769784172,195,53,30,0.7014388489208633,0.1906474820143885,0.1079136690647482,2,2,0,0,1.0,0.0,0.0,근거 부족,,주름|모공,0,False,insufficient_evidence,선택 피부 타입 리뷰 수가 적어 참고용으로만 확인하세요.,insufficient_evidence,0.3,0.0,47.54,insufficient_evidence,False,False,선택 피부 타입 리뷰 수가 적어 참고용으로만 확인하세요. (중성 피부 타입은 전반적으로 리뷰 근거가 적습니다.),neutral_skin_type_samples
oliveyoung::A000000252256,oliveyoung,A000000252256,[리뉴얼/쫀광효과UP] 아로셀 슈퍼 콜라겐 마스크 2.0 ECM Active 3+1매 기획,아로셀,maskpack,24000.0,중성,231,4.883116883116883,213,15,3,0.922077922077922,0.06493506493506493,0.012987012987012988,1,1,0,0,1.0,0.0,0.0,근거 부족,,,0,False,insufficient_evidence,선택 피부 타입 리뷰 수가 적어 참고용으로만 확인하세요.,insufficient_evidence,0.3,0.0,53.19,insufficient_evidence,False,False,선택 피부 타입 리뷰 수가 적어 참고용으로만 확인하세요. (중성 피부 타입은 전반적으로 리뷰 근거가 적습니다.),neutral_skin_type_samples
oliveyoung::A000000254070,oliveyoung,A000000254070,[포켓몬 에디션] VT 피디알엔 하이드로겔 마스크 4매 기획 (+포켓몬 스티커),VT,maskpack,24000.0,중성,217,4.290322580645161,162,37,18,0.7465437788018433,0.17050691244239632,0.08294930875576037,2,0,1,1,0.0,0.5,0.5,근거 부족,,보습,2,False,insufficient_evidence,선택 피부 타입 리뷰 수가 적어 참고용으로만 확인하세요.,insufficient_evidence,0.3,0.15,38.96,insufficient_evidence,False,True,선택 피부 타입 리뷰 수가 적어 참고용으로만 확인하세요. (중성 피부 타입은 전반적으로 리뷰 근거가 적습니다.),neutral_skin_type_samples
oliveyoung::A000000249580,oliveyoung,A000000249580,[트러블 피부 추천/약산성 장벽 케어] 제로이드 핌프로브 레드 컨트롤 크림 pH4 80ml,제로이드,skincare,33000.0,중성,182,4.593406593406593,143,28,11,0.7857142857142857,0.15384615384615385,0.06043956043956044,3,3,0,0,1.0,0.0,0.0,근거 부족,,각질,1,False,insufficient_evidence,선택 피부 타입 리뷰 수가 적어 참고용으로만 확인하세요.,insufficient_evidence,0.3,0.0,50.43,insufficient_evidence,False,False,선택 피부 타입 리뷰 수가 적어 참고용으로만 확인하세요. (중성 피부 타입은 전반적으로 리뷰 근거가 적습니다.),neutral_skin_type_samples
oliveyoung::A000000226627,oliveyoung,A000000226627,[포켓몬 에디션] 케어플러스 슬리핑 코팩 카밍 4매/10매 대용량/포켓몬 에디션 2종,케어플러스,maskpack,9500.0,중성,261,3.413793103448276,135,41,85,0.5172413793103449,0.15708812260536398,0.32567049808429116,1,1,0,0,1.0,0.0,0.0,근거 부족,,미백|트러블,0,False,insufficient_evidence,선택 피부 타입 리뷰 수가 적어 참고용으로만 확인하세요.,insufficient_evidence,0.3,0.0,41.7,insufficient_evidence,False,False,선택 피부 타입 리뷰 수가 적어 참고용으로만 확인하세요. (중성 피부 타입은 전반적으로 리뷰 근거가 적습니다.),neutral_skin_type_samples
oliveyoung::A000000216311,oliveyoung,A000000216311,[*피지잡는 *약산성클렌저 *클렌징폼] 아벤느 클리낭스 클렌징 젤 400ml 더블 기획,아벤느,cleansing,45000.0,중성,250,3.56,150,24,76,0.6,0.096,0.304,2,2,0,0,1.0,0.0,0.0,근거 부족,,미백|보습,0,False,insufficient_evidence,선택 피부 타입 리뷰 수가 적어 참고용으로만 확인하세요.,insufficient_evidence,0.3,0.0,43.22,insufficient_evidence,False,False,선택 피부 타입 리뷰 수가 적어 참고용으로만 확인하세요. (중성 피부 타입은 전반적으로 리뷰 근거가 적습니다.),neutral_skin_type_samples
oliveyoung::A000000251116,oliveyoung,A000000251116,[모공딥톡스/트러블케어] 뉴트로지나 딥클린 아크네 포밍 클렌저 100g 1+1 기획 (+10g*2개),뉴트로지나,cleansing,11800.0,중성,211,4.14218009478673,151,37,23,0.7156398104265402,0.17535545023696683,0.10900473933649289,4,3,1,0,0.75,0.25,0.0,근거 부족,,미백|주름|보습,0,False,insufficient_evidence,선택 피부 타입 리뷰 수가 적어 참고용으로만 확인하세요.,insufficient_evidence,0.3,0.0,47.68,insufficient_evidence,False,False,선택 피부 타입 리뷰 수가 적어 참고용으로만 확인하세요. (중성 피부 타입은 전반적으로 리뷰 근거가 적습니다.),neutral_skin_type_samples
oliveyoung::A000000229695,oliveyoung,A000000229695,[장도연 PICK/초밀착 세럼팩] 메디힐 랩핑 세럼 마스크 10매 6종,메디힐,maskpack,30000.0,중성,314,3.828025477707006,208,30,76,0.6624203821656051,0.09554140127388536,0.24203821656050956,2,0,0,2,0.0,0.0,1.0,근거 부족,,모공|보습|미백|주름,0,False,insufficient_evidence,선택 피부 타입 리뷰 수가 적어 참고용으로만 확인하세요.,insufficient_evidence,0.3,0.3,25.73,insufficient_evidence,False,True,선택 피부 타입 리뷰 수가 적어 참고용으로만 확인하세요. (중성 피부 타입은 전반적으로 리뷰 근거가 적습니다.),review_first_samples
oliveyoung::A000000250764,oliveyoung,A000000250764,[역대급증정/자극제로/쌀뜨물클렌징밀크] 에스네이처 아쿠아 라이스 클렌징밀크 280ml 기획(+리필100ml+모공브러쉬),에스네이처,cleansing,31000.0,중성,258,4.10077519379845,175,45,38,0.6782945736434108,0.1744186046511628,0.14728682170542637,1,0,0,1,0.0,0.0,1.0,근거 부족,,미백|보습,0,False,insufficient_evidence,선택 피부 타입 리뷰 수가 적어 참고용으로만 확인하세요.,insufficient_evidence,0.3,0.3,27.45,insufficient_evidence,False,True,선택 피부 타입 리뷰 수가 적어 참고용으로만 확인하세요. (중성 피부 타입은 전반적으로 리뷰 근거가 적습니다.),review_first_samples
musinsa::2982866,musinsa,2982866,판타레이 퍼퓸드 핸드크림 50ml,mihak,beauty,25200.0,복합성,3,3.6666666666666665,2,0,1,0.6666666666666666,0.0,0.3333333333333333,1,0,0,1,0.0,0.0,1.0,근거 부족,영양공급,,0,False,insufficient_evidence,선택 피부 타입 리뷰 수가 적어 참고용으로만 확인하세요.,insufficient_evidence,0.3,0.3,24.67,insufficient_evidence,False,True,선택 피부 타입 리뷰 수가 적어 참고용으로만 확인하세요.,review_first_samples
oliveyoung::A000000238816,oliveyoung,A000000238816,[5/15하루특가/포켓몬 에디션]오브제 포어 제로 오일 컨트롤 선스틱 18g(+꼬부기 파우치),오브제,suncare,25000.0,중성,290,4.058620689655172,204,51,35,0.7034482758620689,0.17586206896551723,0.1206896551724138,1,0,0,1,0.0,0.0,1.0,근거 부족,,미백|트러블,0,False,insufficient_evidence,선택 피부 타입 리뷰 수가 적어 참고용으로만 확인하세요.,insufficient_evidence,0.3,0.3,27.67,insufficient_evidence,False,True,선택 피부 타입 리뷰 수가 적어 참고용으로만 확인하세요. (중성 피부 타입은 전반적으로 리뷰 근거가 적습니다.),review_first_samples
oliveyoung::A000000219193,oliveyoung,A000000219193,[아이돌물광팩/한정기획] 메디큐브 콜라겐 나이트 랩핑 마스크 75ml (+브러쉬 증정기획),메디큐브,maskpack,25000.0,건성,33,1.6363636363636365,3,6,24,0.09090909090909091,0.18181818181818182,0.7272727272727273,1,0,0,1,0.0,0.0,1.0,근거 부족,,보습,0,False,insufficient_evidence,선택 피부 타입 리뷰 수가 적어 참고용으로만 확인하세요.,insufficient_evidence,0.3,0.3,8.82,insufficient_evidence,False,True,선택 피부 타입 리뷰 수가 적어 참고용으로만 확인하세요.,review_first_samples
oliveyoung::A000000254058,oliveyoung,A000000254058,[포켓몬 에디션]VT 리들샷100 에센스 50ml기획 (리들샷300 1ml+PDRN에센스1.5ml+포켓몬아크릴포스트잇),VT,skincare,32000.0,중성,233,3.334763948497854,124,32,77,0.5321888412017167,0.13733905579399142,0.33047210300429186,2,0,0,2,0.0,0.0,1.0,근거 부족,,모공|보습,0,False,insufficient_evidence,선택 피부 타입 리뷰 수가 적어 참고용으로만 확인하세요.,insufficient_evidence,0.3,0.3,22.01,insufficient_evidence,False,True,선택 피부 타입 리뷰 수가 적어 참고용으로만 확인하세요. (중성 피부 타입은 전반적으로 리뷰 근거가 적습니다.),review_first_samples
musinsa::4760706,musinsa,4760706,[NEW] 어성초 진정 히알루론 선세럼 50ml,goodal,beauty,20800.0,복합성,5,4.8,3,1,1,0.6,0.2,0.2,1,0,0,1,0.0,0.0,1.0,근거 부족,유수분 조절|진정|보습,,0,False,insufficient_evidence,선택 피부 타입 리뷰 수가 적어 참고용으로만 확인하세요.,insufficient_evidence,0.3,0.3,29.2,insufficient_evidence,False,True,선택 피부 타입 리뷰 수가 적어 참고용으로만 확인하세요.,review_first_samples
oliveyoung::A000000171426,oliveyoung,A000000171426,[76관왕 No.1] 메디힐 더마 패드 100매 7종 피부 고민별 골라담기,메디힐,maskpack,26000.0,지성,20,2.15,4,3,13,0.2,0.15,0.65,4,0,0,4,0.0,0.0,1.0,근거 부족,,미백|보습|각질|탄력|주름,1,False,insufficient_evidence,선택 피부 타입 리뷰 수가 적어 참고용으로만 확인하세요.,insufficient_evidence,0.3,0.3,12.35,insufficient_evidence,False,True,선택 피부 타입 리뷰 수가 적어 참고용으로만 확인하세요.,review_first_samples
oliveyoung::A000000202472,oliveyoung,A000000202472,[피지순삭/요철삭제] 에이프릴스킨 당근클렌징밤 90ml 기획 (+미니밤 2개 증정),에이프릴스킨,cleansing,21000.0,중성,277,3.765342960288809,167,40,70,0.6028880866425993,0.1444043321299639,0.2527075812274368,1,0,0,1,0.0,0.0,1.0,근거 부족,,주름,0,False,insufficient_evidence,선택 피부 타입 리뷰 수가 적어 참고용으로만 확인하세요.,insufficient_evidence,0.3,0.3,24.83,insufficient_evidence,False,True,선택 피부 타입 리뷰 수가 적어 참고용으로만 확인하세요. (중성 피부 타입은 전반적으로 리뷰 근거가 적습니다.),review_first_samples
oliveyoung::A000000223233,oliveyoung,A000000223233,"[선크림 세정]식물나라 제주 탄산수 딥 모공 클렌징 폼 120ml,150ml 단품/1+1기획",식물나라,cleansing,9500.0,중성,277,4.0324909747292415,198,37,42,0.7148014440433214,0.13357400722021662,0.15162454873646208,1,0,0,1,0.0,0.0,1.0,근거 부족,,미백|주름,0,False,insufficient_evidence,선택 피부 타입 리뷰 수가 적어 참고용으로만 확인하세요.,insufficient_evidence,0.3,0.3,27.52,insufficient_evidence,False,True,선택 피부 타입 리뷰 수가 적어 참고용으로만 확인하세요. (중성 피부 타입은 전반적으로 리뷰 근거가 적습니다.),review_first_samples
oliveyoung::A000000212350,oliveyoung,A000000212350,[앰플한병팩] 메디힐 하이퍼 마스크 1매 겔마스크 4종 (콜라겐/PDRN/마데카소사이드/히알루론산),메디힐,maskpack,4500.0,건성,34,2.088235294117647,8,4,22,0.23529411764705882,0.11764705882352941,0.6470588235294118,2,0,0,2,0.0,0.0,1.0,근거 부족,,탄력|홍조|미백|주름,0,False,insufficient_evidence,선택 피부 타입 리뷰 수가 적어 참고용으로만 확인하세요.,insufficient_evidence,0.3,0.3,12.47,insufficient_evidence,False,True,선택 피부 타입 리뷰 수가 적어 참고용으로만 확인하세요.,review_first_samples
oliveyoung::A000000255984,oliveyoung,A000000255984,[6월 올영픽][여드름균 항균]제로이드 핌프로브 젤 클렌저 180ml 기획 (+ 핌프로브 크림 10ml),제로이드,cleansing,32000.0,건성,13,4.846153846153846,9,2,2,0.6923076923076923,0.15384615384615385,0.15384615384615385,1,0,0,1,0.0,0.0,1.0,근거 부족,,미백|주름,0,False,insufficient_evidence,선택 피부 타입 리뷰 수가 적어 참고용으로만 확인하세요.,insufficient_evidence,0.3,0.3,30.54,insufficient_evidence,False,True,선택 피부 타입 리뷰 수가 적어 참고용으로만 확인하세요.,review_first_samples
oliveyoung::A000000185175,oliveyoung,A000000185175,[4매/3종] 아비브 콜라겐 겔 마스크 4매 (어성초/수분초/부활초),아비브,maskpack,20000.0,중성,297,3.8417508417508417,186,33,78,0.6262626262626263,0.1111111111111111,0.26262626262626265,2,0,0,2,0.0,0.0,1.0,근거 부족,,,0,False,insufficient_evidence,선택 피부 타입 리뷰 수가 적어 참고용으로만 확인하세요.,insufficient_evidence,0.3,0.3,25.32,insufficient_evidence,False,True,선택 피부 타입 리뷰 수가 적어 참고용으로만 확인하세요. (중성 피부 타입은 전반적으로 리뷰 근거가 적습니다.),review_first_samples
oliveyoung::A000000223239,oliveyoung,A000000223239,식물나라 제주 탄산수 딥 클렌징티슈 80매,식물나라,cleansing,7800.0,중성,265,3.667924528301887,167,21,77,0.630188679245283,0.07924528301886792,0.29056603773584905,2,0,0,2,0.0,0.0,1.0,근거 부족,,모공|보습,0,False,insufficient_evidence,선택 피부 타입 리뷰 수가 적어 참고용으로만 확인하세요.,insufficient_evidence,0.3,0.3,24.52,insufficient_evidence,False,True,선택 피부 타입 리뷰 수가 적어 참고용으로만 확인하세요. (중성 피부 타입은 전반적으로 리뷰 근거가 적습니다.),review_first_samples
oliveyoung::A000000165598,oliveyoung,A000000165598,[더블기획/1+1] 토리든 다이브인 히알루론산 수딩 크림 더블기획 (100ml+100ml),토리든,skincare,42000.0,중성,263,3.593155893536122,161,23,79,0.6121673003802282,0.08745247148288973,0.30038022813688214,1,0,0,1,0.0,0.0,1.0,근거 부족,,트러블|보습,0,False,insufficient_evidence,선택 피부 타입 리뷰 수가 적어 참고용으로만 확인하세요.,insufficient_evidence,0.3,0.3,23.99,insufficient_evidence,False,True,선택 피부 타입 리뷰 수가 적어 참고용으로만 확인하세요. (중성 피부 타입은 전반적으로 리뷰 근거가 적습니다.),review_first_samples
oliveyoung::A000000182630,oliveyoung,A000000182630,"[대용량140매] 넘버즈인 토너패드 리필 기획(1번,5번)",넘버즈인,maskpack,42000.0,중성,299,3.682274247491639,185,29,85,0.6187290969899666,0.09698996655518395,0.2842809364548495,1,0,0,1,0.0,0.0,1.0,근거 부족,,트러블,0,False,insufficient_evidence,선택 피부 타입 리뷰 수가 적어 참고용으로만 확인하세요.,insufficient_evidence,0.3,0.3,24.49,insufficient_evidence,False,True,선택 피부 타입 리뷰 수가 적어 참고용으로만 확인하세요. (중성 피부 타입은 전반적으로 리뷰 근거가 적습니다.),review_first_samples
oliveyoung::A000000203971,oliveyoung,A000000203971,[단독기획/속보습] 셀리맥스 더 리얼 노니 에너지 앰플 90ml 기획 (80ml+10ml),셀리맥스,skincare,33000.0,중성,225,3.4844444444444442,123,37,65,0.5466666666666666,0.16444444444444445,0.28888888888888886,1,0,0,1,0.0,0.0,1.0,근거 부족,,모공|보습,0,False,insufficient_evidence,선택 피부 타입 리뷰 수가 적어 참고용으로만 확인하세요.,insufficient_evidence,0.3,0.3,22.96,insufficient_evidence,False,True,선택 피부 타입 리뷰 수가 적어 참고용으로만 확인하세요. (중성 피부 타입은 전반적으로 리뷰 근거가 적습니다.),review_first_samples
oliveyoung::A000000248626,oliveyoung,A000000248626,[고밀도효소거품] 브링그린 티트리 시카 딥클렌징폼 기획 (단품/ 더블/ 대용량),브링그린,cleansing,16500.0,중성,258,4.015503875968992,176,35,47,0.6821705426356589,0.13565891472868216,0.1821705426356589,1,0,0,1,0.0,0.0,1.0,근거 부족,,홍조,0,False,insufficient_evidence,선택 피부 타입 리뷰 수가 적어 참고용으로만 확인하세요.,insufficient_evidence,0.3,0.3,26.97,insufficient_evidence,False,True,선택 피부 타입 리뷰 수가 적어 참고용으로만 확인하세요. (중성 피부 타입은 전반적으로 리뷰 근거가 적습니다.),review_first_samples
oliveyoung::A000000211372,oliveyoung,A000000211372,[속보습]코스알엑스 더 6 펩타이드 스킨 부스터 세럼 더블기획,코스알엑스,skincare,46000.0,중성,264,3.8143939393939394,171,25,68,0.6477272727272727,0.0946969696969697,0.25757575757575757,2,0,0,2,0.0,0.0,1.0,근거 부족,,주름,2,False,insufficient_evidence,선택 피부 타입 리뷰 수가 적어 참고용으로만 확인하세요.,insufficient_evidence,0.3,0.3,25.45,insufficient_evidence,False,True,선택 피부 타입 리뷰 수가 적어 참고용으로만 확인하세요. (중성 피부 타입은 전반적으로 리뷰 근거가 적습니다.),review_first_samples
oliveyoung::A000000175069,oliveyoung,A000000175069,[곽민경PICK/단독기획] CKD 겔마스크 4+1매 (모공탄력/기미잡티) 2종,CKD,maskpack,20000.0,중성,292,3.8664383561643834,202,34,56,0.6917808219178082,0.11643835616438356,0.1917808219178082,1,0,0,1,0.0,0.0,1.0,근거 부족,,미백|주름,0,False,insufficient_evidence,선택 피부 타입 리뷰 수가 적어 참고용으로만 확인하세요.,insufficient_evidence,0.3,0.3,26.42,insufficient_evidence,False,True,선택 피부 타입 리뷰 수가 적어 참고용으로만 확인하세요. (중성 피부 타입은 전반적으로 리뷰 근거가 적습니다.),review_first_samples
oliveyoung::A000000253919,oliveyoung,A000000253919,쥬베룩 PDLLA 콜라겐 부스팅 마스크 4매,쥬베룩,maskpack,36000.0,지성,124,4.975806451612903,123,1,0,0.9919354838709677,0.008064516129032258,0.0,22,22,0,0,1.0,0.0,0.0,비교적 신뢰 가능,,미백|주름|모공|보습|홍조,4,True,normal,선택 피부 타입 리뷰 기준으로 특별히 높은 부정 신호는 확인되지 않습니다.,strong_evidence,1.0,0.0,99.82,strong_candidate,True,False,선택 피부 타입 리뷰 기준 부정 신호가 낮은 편입니다.,rank_exposure_samples
oliveyoung::A000000253919,oliveyoung,A000000253919,쥬베룩 PDLLA 콜라겐 부스팅 마스크 4매,쥬베룩,maskpack,36000.0,복합성,124,4.975806451612903,123,1,0,0.9919354838709677,0.008064516129032258,0.0,21,21,0,0,1.0,0.0,0.0,비교적 신뢰 가능,,미백|주름|보습|모공|각질,5,True,normal,선택 피부 타입 리뷰 기준으로 특별히 높은 부정 신호는 확인되지 않습니다.,strong_evidence,1.0,0.0,99.82,strong_candidate,True,False,선택 피부 타입 리뷰 기준 부정 신호가 낮은 편입니다.,rank_exposure_samples
musinsa::3324516,musinsa,3324516,그린티 허니드롭스 바디크림 500ml,elizabetharden,beauty,38300.0,복합성,53,4.943396226415095,53,0,0,1.0,0.0,0.0,36,36,0,0,1.0,0.0,0.0,비교적 신뢰 가능,진정|보습|모공|탄력|유수분 조절,,0,True,normal,선택 피부 타입 리뷰 기준으로 특별히 높은 부정 신호는 확인되지 않습니다.,strong_evidence,1.0,0.0,99.77,strong_candidate,True,False,선택 피부 타입 리뷰 기준 부정 신호가 낮은 편입니다.,rank_exposure_samples
oliveyoung::A000000255622,oliveyoung,A000000255622,[짜서쓰는클밤/쫀쫀모공] 네시픽 라이스 펩타 콜라겐 샤베트 클렌징밤 80g,네시픽,cleansing,22000.0,지성,109,5.0,107,1,1,0.981651376146789,0.009174311926605505,0.009174311926605505,22,22,0,0,1.0,0.0,0.0,비교적 신뢰 가능,,미백|모공|주름|보습|각질,2,True,normal,선택 피부 타입 리뷰 기준으로 특별히 높은 부정 신호는 확인되지 않습니다.,strong_evidence,1.0,0.0,99.77,strong_candidate,True,False,선택 피부 타입 리뷰 기준 부정 신호가 낮은 편입니다.,rank_exposure_samples
musinsa::6299094,musinsa,6299094,액티브 스웨트프루프 선스틱 + 쿨 데오 샤워티슈 1매,obge,beauty,19800.0,지성,82,5.0,80,2,0,0.975609756097561,0.024390243902439025,0.0,21,20,1,0,0.9523809523809523,0.047619047619047616,0.0,비교적 신뢰 가능,진정|보습|유수분 조절|모공|트러블,,0,True,normal,선택 피부 타입 리뷰 기준으로 특별히 높은 부정 신호는 확인되지 않습니다.,strong_evidence,1.0,0.0,99.76,strong_candidate,True,False,선택 피부 타입 리뷰 기준 부정 신호가 낮은 편입니다.,rank_exposure_samples
musinsa::4258330,musinsa,4258330,바디 에멀전 타입 R 프라그란트 보틀 300ml,abib,beauty,28000.0,복합성,49,4.938775510204081,49,0,0,1.0,0.0,0.0,21,21,0,0,1.0,0.0,0.0,비교적 신뢰 가능,진정|보습|모공|유수분 조절|영양공급,,0,True,normal,선택 피부 타입 리뷰 기준으로 특별히 높은 부정 신호는 확인되지 않습니다.,strong_evidence,1.0,0.0,99.76,strong_candidate,True,False,선택 피부 타입 리뷰 기준 부정 신호가 낮은 편입니다.,rank_exposure_samples
musinsa::6299094,musinsa,6299094,액티브 스웨트프루프 선스틱 + 쿨 데오 샤워티슈 1매,obge,beauty,19800.0,복합성,82,5.0,80,2,0,0.975609756097561,0.024390243902439025,0.0,45,44,1,0,0.9777777777777777,0.022222222222222223,0.0,비교적 신뢰 가능,진정|보습|유수분 조절|모공|탄력,,0,True,normal,선택 피부 타입 리뷰 기준으로 특별히 높은 부정 신호는 확인되지 않습니다.,strong_evidence,1.0,0.0,99.76,strong_candidate,True,False,선택 피부 타입 리뷰 기준 부정 신호가 낮은 편입니다.,rank_exposure_samples
musinsa::3063032,musinsa,3063032,비건 릴리프 워터 에센스 선크림,hamel,beauty,26800.0,복합성,223,4.982062780269058,219,3,1,0.9820627802690582,0.013452914798206279,0.004484304932735426,40,40,0,0,1.0,0.0,0.0,비교적 신뢰 가능,진정|보습|유수분 조절|모공|탄력,,0,True,normal,선택 피부 타입 리뷰 기준으로 특별히 높은 부정 신호는 확인되지 않습니다.,strong_evidence,1.0,0.0,99.73,strong_candidate,True,False,선택 피부 타입 리뷰 기준 부정 신호가 낮은 편입니다.,rank_exposure_samples
musinsa::6261460,musinsa,6261460,[SET] 아쿠아 퓨어 히알루로닉 크림  2개 + 세럼 2개 (증정: 멀티 히알루론산 마스크 5매),beplain,beauty,100000.0,복합성,49,4.959183673469388,48,1,0,0.9795918367346939,0.02040816326530612,0.0,26,25,1,0,0.9615384615384616,0.038461538461538464,0.0,비교적 신뢰 가능,진정|보습|모공|탄력|유수분 조절,,0,True,normal,선택 피부 타입 리뷰 기준으로 특별히 높은 부정 신호는 확인되지 않습니다.,strong_evidence,1.0,0.0,99.63,strong_candidate,True,False,선택 피부 타입 리뷰 기준 부정 신호가 낮은 편입니다.,rank_exposure_samples
musinsa::5859496,musinsa,5859496,[옵션선택] 코튼풋 발을씻자 풋샴푸 510ml 2개 + 리필 500ml 1개,onthebody,beauty,19900.0,복합성,164,4.9817073170731705,159,5,0,0.9695121951219512,0.03048780487804878,0.0,86,85,1,0,0.9883720930232558,0.011627906976744186,0.0,비교적 신뢰 가능,진정|보습|유수분 조절|모공|탄력,,0,True,normal,선택 피부 타입 리뷰 기준으로 특별히 높은 부정 신호는 확인되지 않습니다.,strong_evidence,1.0,0.0,99.62,strong_candidate,True,False,선택 피부 타입 리뷰 기준 부정 신호가 낮은 편입니다.,rank_exposure_samples
musinsa::5859496,musinsa,5859496,[옵션선택] 코튼풋 발을씻자 풋샴푸 510ml 2개 + 리필 500ml 1개,onthebody,beauty,19900.0,지성,164,4.9817073170731705,159,5,0,0.9695121951219512,0.03048780487804878,0.0,42,39,3,0,0.9285714285714286,0.07142857142857142,0.0,비교적 신뢰 가능,진정|보습|트러블|유수분 조절|모공,,0,True,normal,선택 피부 타입 리뷰 기준으로 특별히 높은 부정 신호는 확인되지 않습니다.,strong_evidence,1.0,0.0,99.62,strong_candidate,True,False,선택 피부 타입 리뷰 기준 부정 신호가 낮은 편입니다.,rank_exposure_samples
musinsa::5859496,musinsa,5859496,[옵션선택] 코튼풋 발을씻자 풋샴푸 510ml 2개 + 리필 500ml 1개,onthebody,beauty,19900.0,건성,164,4.9817073170731705,159,5,0,0.9695121951219512,0.03048780487804878,0.0,23,22,1,0,0.9565217391304348,0.043478260869565216,0.0,비교적 신뢰 가능,진정|보습|탄력|영양공급|모공,,0,True,normal,선택 피부 타입 리뷰 기준으로 특별히 높은 부정 신호는 확인되지 않습니다.,strong_evidence,1.0,0.0,99.62,strong_candidate,True,False,선택 피부 타입 리뷰 기준 부정 신호가 낮은 편입니다.,rank_exposure_samples
oliveyoung::A000000254773,oliveyoung,A000000254773,쥬베룩 PDLLA 콜라겐 부스팅 앰플 20g (+프로텍팅 크림 2ml*5EA) (2604),쥬베룩,skincare,62000.0,지성,119,4.983193277310924,115,4,0,0.9663865546218487,0.03361344537815126,0.0,22,20,2,0,0.9090909090909091,0.09090909090909091,0.0,비교적 신뢰 가능,,미백|주름|보습|각질|트러블,6,True,normal,선택 피부 타입 리뷰 기준으로 특별히 높은 부정 신호는 확인되지 않습니다.,strong_evidence,1.0,0.0,99.6,strong_candidate,True,False,선택 피부 타입 리뷰 기준 부정 신호가 낮은 편입니다.,rank_exposure_samples
musinsa::3202723,musinsa,3202723,TYPE No.91 원더바이브 핸드워시 350ml,typeno,beauty,14000.0,복합성,95,4.926315789473684,94,1,0,0.9894736842105263,0.010526315789473684,0.0,28,28,0,0,1.0,0.0,0.0,비교적 신뢰 가능,진정|보습|유수분 조절|탄력|모공,,0,True,normal,선택 피부 타입 리뷰 기준으로 특별히 높은 부정 신호는 확인되지 않습니다.,strong_evidence,1.0,0.0,99.6,strong_candidate,True,False,선택 피부 타입 리뷰 기준 부정 신호가 낮은 편입니다.,rank_exposure_samples
oliveyoung::A000000254492,oliveyoung,A000000254492,[NEW/단독선런칭] 바이오던스 아이패치 60매 2종 택 1 (콜라겐/캐비어 PDRN),바이오던스,maskpack,27000.0,복합성,169,4.952662721893491,165,4,0,0.9763313609467456,0.023668639053254437,0.0,24,24,0,0,1.0,0.0,0.0,비교적 신뢰 가능,,미백|트러블|모공|주름|보습,3,True,normal,선택 피부 타입 리뷰 기준으로 특별히 높은 부정 신호는 확인되지 않습니다.,strong_evidence,1.0,0.0,99.57,strong_candidate,True,False,선택 피부 타입 리뷰 기준 부정 신호가 낮은 편입니다.,rank_exposure_samples
oliveyoung::A000000254492,oliveyoung,A000000254492,[NEW/단독선런칭] 바이오던스 아이패치 60매 2종 택 1 (콜라겐/캐비어 PDRN),바이오던스,maskpack,27000.0,지성,169,4.952662721893491,165,4,0,0.9763313609467456,0.023668639053254437,0.0,26,26,0,0,1.0,0.0,0.0,비교적 신뢰 가능,,미백|각질|주름|보습|탄력,1,True,normal,선택 피부 타입 리뷰 기준으로 특별히 높은 부정 신호는 확인되지 않습니다.,strong_evidence,1.0,0.0,99.57,strong_candidate,True,False,선택 피부 타입 리뷰 기준 부정 신호가 낮은 편입니다.,rank_exposure_samples
oliveyoung::A000000247859,oliveyoung,A000000247859,[성한빈 PICK] 원더바스 레몬청 팩클렌저 200ml 기획 (+50ml),조성아뷰티,cleansing,19900.0,지성,134,4.940298507462686,131,3,0,0.9776119402985075,0.022388059701492536,0.0,34,33,1,0,0.9705882352941176,0.029411764705882353,0.0,비교적 신뢰 가능,,미백|주름|모공|각질|트러블,9,True,normal,선택 피부 타입 리뷰 기준으로 특별히 높은 부정 신호는 확인되지 않습니다.,strong_evidence,1.0,0.0,99.54,strong_candidate,True,False,선택 피부 타입 리뷰 기준 부정 신호가 낮은 편입니다.,rank_exposure_samples
oliveyoung::A000000247859,oliveyoung,A000000247859,[성한빈 PICK] 원더바스 레몬청 팩클렌저 200ml 기획 (+50ml),조성아뷰티,cleansing,19900.0,복합성,134,4.940298507462686,131,3,0,0.9776119402985075,0.022388059701492536,0.0,20,20,0,0,1.0,0.0,0.0,비교적 신뢰 가능,,미백|주름|모공|홍조|트러블,2,True,normal,선택 피부 타입 리뷰 기준으로 특별히 높은 부정 신호는 확인되지 않습니다.,strong_evidence,1.0,0.0,99.54,strong_candidate,True,False,선택 피부 타입 리뷰 기준 부정 신호가 낮은 편입니다.,rank_exposure_samples
oliveyoung::A000000254380,oliveyoung,A000000254380,SNP 빅 패치 2종 [콜라겐 퍼펙션 / 글루타치온 다크제로] 60매입,SNP,maskpack,28000.0,지성,105,4.923809523809524,103,1,1,0.9809523809523809,0.009523809523809525,0.009523809523809525,23,22,1,0,0.9565217391304348,0.043478260869565216,0.0,비교적 신뢰 가능,,모공|미백|보습|각질|주름,4,True,normal,선택 피부 타입 리뷰 기준으로 특별히 높은 부정 신호는 확인되지 않습니다.,strong_evidence,1.0,0.0,99.46,strong_candidate,True,False,선택 피부 타입 리뷰 기준 부정 신호가 낮은 편입니다.,rank_exposure_samples
musinsa::2616586,musinsa,2616586,DMT 바디로션 400ml+추가증정,physiogel,beauty,24900.0,복합성,108,4.944444444444445,105,2,1,0.9722222222222222,0.018518518518518517,0.009259259259259259,44,43,1,0,0.9772727272727273,0.022727272727272728,0.0,비교적 신뢰 가능,진정|보습|모공|탄력|유수분 조절,,0,True,normal,선택 피부 타입 리뷰 기준으로 특별히 높은 부정 신호는 확인되지 않습니다.,strong_evidence,1.0,0.0,99.45,strong_candidate,True,False,선택 피부 타입 리뷰 기준 부정 신호가 낮은 편입니다.,rank_exposure_samples
oliveyoung::A000000253919,oliveyoung,A000000253919,쥬베룩 PDLLA 콜라겐 부스팅 마스크 4매,쥬베룩,maskpack,36000.0,지성,124,4.975806451612903,123,1,0,0.9919354838709677,0.008064516129032258,0.0,22,22,0,0,1.0,0.0,0.0,비교적 신뢰 가능,,미백|주름|모공|보습|홍조,4,True,normal,선택 피부 타입 리뷰 기준으로 특별히 높은 부정 신호는 확인되지 않습니다.,strong_evidence,1.0,0.0,99.82,strong_candidate,True,False,선택 피부 타입 리뷰 기준 부정 신호가 낮은 편입니다.,score_top20
oliveyoung::A000000253919,oliveyoung,A000000253919,쥬베룩 PDLLA 콜라겐 부스팅 마스크 4매,쥬베룩,maskpack,36000.0,복합성,124,4.975806451612903,123,1,0,0.9919354838709677,0.008064516129032258,0.0,21,21,0,0,1.0,0.0,0.0,비교적 신뢰 가능,,미백|주름|보습|모공|각질,5,True,normal,선택 피부 타입 리뷰 기준으로 특별히 높은 부정 신호는 확인되지 않습니다.,strong_evidence,1.0,0.0,99.82,strong_candidate,True,False,선택 피부 타입 리뷰 기준 부정 신호가 낮은 편입니다.,score_top20
oliveyoung::A000000255622,oliveyoung,A000000255622,[짜서쓰는클밤/쫀쫀모공] 네시픽 라이스 펩타 콜라겐 샤베트 클렌징밤 80g,네시픽,cleansing,22000.0,지성,109,5.0,107,1,1,0.981651376146789,0.009174311926605505,0.009174311926605505,22,22,0,0,1.0,0.0,0.0,비교적 신뢰 가능,,미백|모공|주름|보습|각질,2,True,normal,선택 피부 타입 리뷰 기준으로 특별히 높은 부정 신호는 확인되지 않습니다.,strong_evidence,1.0,0.0,99.77,strong_candidate,True,False,선택 피부 타입 리뷰 기준 부정 신호가 낮은 편입니다.,score_top20
musinsa::3324516,musinsa,3324516,그린티 허니드롭스 바디크림 500ml,elizabetharden,beauty,38300.0,복합성,53,4.943396226415095,53,0,0,1.0,0.0,0.0,36,36,0,0,1.0,0.0,0.0,비교적 신뢰 가능,진정|보습|모공|탄력|유수분 조절,,0,True,normal,선택 피부 타입 리뷰 기준으로 특별히 높은 부정 신호는 확인되지 않습니다.,strong_evidence,1.0,0.0,99.77,strong_candidate,True,False,선택 피부 타입 리뷰 기준 부정 신호가 낮은 편입니다.,score_top20
musinsa::6299094,musinsa,6299094,액티브 스웨트프루프 선스틱 + 쿨 데오 샤워티슈 1매,obge,beauty,19800.0,복합성,82,5.0,80,2,0,0.975609756097561,0.024390243902439025,0.0,45,44,1,0,0.9777777777777777,0.022222222222222223,0.0,비교적 신뢰 가능,진정|보습|유수분 조절|모공|탄력,,0,True,normal,선택 피부 타입 리뷰 기준으로 특별히 높은 부정 신호는 확인되지 않습니다.,strong_evidence,1.0,0.0,99.76,strong_candidate,True,False,선택 피부 타입 리뷰 기준 부정 신호가 낮은 편입니다.,score_top20
musinsa::6299094,musinsa,6299094,액티브 스웨트프루프 선스틱 + 쿨 데오 샤워티슈 1매,obge,beauty,19800.0,지성,82,5.0,80,2,0,0.975609756097561,0.024390243902439025,0.0,21,20,1,0,0.9523809523809523,0.047619047619047616,0.0,비교적 신뢰 가능,진정|보습|유수분 조절|모공|트러블,,0,True,normal,선택 피부 타입 리뷰 기준으로 특별히 높은 부정 신호는 확인되지 않습니다.,strong_evidence,1.0,0.0,99.76,strong_candidate,True,False,선택 피부 타입 리뷰 기준 부정 신호가 낮은 편입니다.,score_top20
musinsa::4258330,musinsa,4258330,바디 에멀전 타입 R 프라그란트 보틀 300ml,abib,beauty,28000.0,복합성,49,4.938775510204081,49,0,0,1.0,0.0,0.0,21,21,0,0,1.0,0.0,0.0,비교적 신뢰 가능,진정|보습|모공|유수분 조절|영양공급,,0,True,normal,선택 피부 타입 리뷰 기준으로 특별히 높은 부정 신호는 확인되지 않습니다.,strong_evidence,1.0,0.0,99.76,strong_candidate,True,False,선택 피부 타입 리뷰 기준 부정 신호가 낮은 편입니다.,score_top20
musinsa::3063032,musinsa,3063032,비건 릴리프 워터 에센스 선크림,hamel,beauty,26800.0,복합성,223,4.982062780269058,219,3,1,0.9820627802690582,0.013452914798206279,0.004484304932735426,40,40,0,0,1.0,0.0,0.0,비교적 신뢰 가능,진정|보습|유수분 조절|모공|탄력,,0,True,normal,선택 피부 타입 리뷰 기준으로 특별히 높은 부정 신호는 확인되지 않습니다.,strong_evidence,1.0,0.0,99.73,strong_candidate,True,False,선택 피부 타입 리뷰 기준 부정 신호가 낮은 편입니다.,score_top20
musinsa::6261460,musinsa,6261460,[SET] 아쿠아 퓨어 히알루로닉 크림  2개 + 세럼 2개 (증정: 멀티 히알루론산 마스크 5매),beplain,beauty,100000.0,복합성,49,4.959183673469388,48,1,0,0.9795918367346939,0.02040816326530612,0.0,26,25,1,0,0.9615384615384616,0.038461538461538464,0.0,비교적 신뢰 가능,진정|보습|모공|탄력|유수분 조절,,0,True,normal,선택 피부 타입 리뷰 기준으로 특별히 높은 부정 신호는 확인되지 않습니다.,strong_evidence,1.0,0.0,99.63,strong_candidate,True,False,선택 피부 타입 리뷰 기준 부정 신호가 낮은 편입니다.,score_top20
musinsa::5859496,musinsa,5859496,[옵션선택] 코튼풋 발을씻자 풋샴푸 510ml 2개 + 리필 500ml 1개,onthebody,beauty,19900.0,복합성,164,4.9817073170731705,159,5,0,0.9695121951219512,0.03048780487804878,0.0,86,85,1,0,0.9883720930232558,0.011627906976744186,0.0,비교적 신뢰 가능,진정|보습|유수분 조절|모공|탄력,,0,True,normal,선택 피부 타입 리뷰 기준으로 특별히 높은 부정 신호는 확인되지 않습니다.,strong_evidence,1.0,0.0,99.62,strong_candidate,True,False,선택 피부 타입 리뷰 기준 부정 신호가 낮은 편입니다.,score_top20
musinsa::5859496,musinsa,5859496,[옵션선택] 코튼풋 발을씻자 풋샴푸 510ml 2개 + 리필 500ml 1개,onthebody,beauty,19900.0,지성,164,4.9817073170731705,159,5,0,0.9695121951219512,0.03048780487804878,0.0,42,39,3,0,0.9285714285714286,0.07142857142857142,0.0,비교적 신뢰 가능,진정|보습|트러블|유수분 조절|모공,,0,True,normal,선택 피부 타입 리뷰 기준으로 특별히 높은 부정 신호는 확인되지 않습니다.,strong_evidence,1.0,0.0,99.62,strong_candidate,True,False,선택 피부 타입 리뷰 기준 부정 신호가 낮은 편입니다.,score_top20
musinsa::5859496,musinsa,5859496,[옵션선택] 코튼풋 발을씻자 풋샴푸 510ml 2개 + 리필 500ml 1개,onthebody,beauty,19900.0,건성,164,4.9817073170731705,159,5,0,0.9695121951219512,0.03048780487804878,0.0,23,22,1,0,0.9565217391304348,0.043478260869565216,0.0,비교적 신뢰 가능,진정|보습|탄력|영양공급|모공,,0,True,normal,선택 피부 타입 리뷰 기준으로 특별히 높은 부정 신호는 확인되지 않습니다.,strong_evidence,1.0,0.0,99.62,strong_candidate,True,False,선택 피부 타입 리뷰 기준 부정 신호가 낮은 편입니다.,score_top20
oliveyoung::A000000254773,oliveyoung,A000000254773,쥬베룩 PDLLA 콜라겐 부스팅 앰플 20g (+프로텍팅 크림 2ml*5EA) (2604),쥬베룩,skincare,62000.0,지성,119,4.983193277310924,115,4,0,0.9663865546218487,0.03361344537815126,0.0,22,20,2,0,0.9090909090909091,0.09090909090909091,0.0,비교적 신뢰 가능,,미백|주름|보습|각질|트러블,6,True,normal,선택 피부 타입 리뷰 기준으로 특별히 높은 부정 신호는 확인되지 않습니다.,strong_evidence,1.0,0.0,99.6,strong_candidate,True,False,선택 피부 타입 리뷰 기준 부정 신호가 낮은 편입니다.,score_top20
musinsa::3202723,musinsa,3202723,TYPE No.91 원더바이브 핸드워시 350ml,typeno,beauty,14000.0,복합성,95,4.926315789473684,94,1,0,0.9894736842105263,0.010526315789473684,0.0,28,28,0,0,1.0,0.0,0.0,비교적 신뢰 가능,진정|보습|유수분 조절|탄력|모공,,0,True,normal,선택 피부 타입 리뷰 기준으로 특별히 높은 부정 신호는 확인되지 않습니다.,strong_evidence,1.0,0.0,99.6,strong_candidate,True,False,선택 피부 타입 리뷰 기준 부정 신호가 낮은 편입니다.,score_top20
oliveyoung::A000000254492,oliveyoung,A000000254492,[NEW/단독선런칭] 바이오던스 아이패치 60매 2종 택 1 (콜라겐/캐비어 PDRN),바이오던스,maskpack,27000.0,복합성,169,4.952662721893491,165,4,0,0.9763313609467456,0.023668639053254437,0.0,24,24,0,0,1.0,0.0,0.0,비교적 신뢰 가능,,미백|트러블|모공|주름|보습,3,True,normal,선택 피부 타입 리뷰 기준으로 특별히 높은 부정 신호는 확인되지 않습니다.,strong_evidence,1.0,0.0,99.57,strong_candidate,True,False,선택 피부 타입 리뷰 기준 부정 신호가 낮은 편입니다.,score_top20
oliveyoung::A000000254492,oliveyoung,A000000254492,[NEW/단독선런칭] 바이오던스 아이패치 60매 2종 택 1 (콜라겐/캐비어 PDRN),바이오던스,maskpack,27000.0,지성,169,4.952662721893491,165,4,0,0.9763313609467456,0.023668639053254437,0.0,26,26,0,0,1.0,0.0,0.0,비교적 신뢰 가능,,미백|각질|주름|보습|탄력,1,True,normal,선택 피부 타입 리뷰 기준으로 특별히 높은 부정 신호는 확인되지 않습니다.,strong_evidence,1.0,0.0,99.57,strong_candidate,True,False,선택 피부 타입 리뷰 기준 부정 신호가 낮은 편입니다.,score_top20
oliveyoung::A000000247859,oliveyoung,A000000247859,[성한빈 PICK] 원더바스 레몬청 팩클렌저 200ml 기획 (+50ml),조성아뷰티,cleansing,19900.0,지성,134,4.940298507462686,131,3,0,0.9776119402985075,0.022388059701492536,0.0,34,33,1,0,0.9705882352941176,0.029411764705882353,0.0,비교적 신뢰 가능,,미백|주름|모공|각질|트러블,9,True,normal,선택 피부 타입 리뷰 기준으로 특별히 높은 부정 신호는 확인되지 않습니다.,strong_evidence,1.0,0.0,99.54,strong_candidate,True,False,선택 피부 타입 리뷰 기준 부정 신호가 낮은 편입니다.,score_top20
oliveyoung::A000000247859,oliveyoung,A000000247859,[성한빈 PICK] 원더바스 레몬청 팩클렌저 200ml 기획 (+50ml),조성아뷰티,cleansing,19900.0,복합성,134,4.940298507462686,131,3,0,0.9776119402985075,0.022388059701492536,0.0,20,20,0,0,1.0,0.0,0.0,비교적 신뢰 가능,,미백|주름|모공|홍조|트러블,2,True,normal,선택 피부 타입 리뷰 기준으로 특별히 높은 부정 신호는 확인되지 않습니다.,strong_evidence,1.0,0.0,99.54,strong_candidate,True,False,선택 피부 타입 리뷰 기준 부정 신호가 낮은 편입니다.,score_top20
oliveyoung::A000000254380,oliveyoung,A000000254380,SNP 빅 패치 2종 [콜라겐 퍼펙션 / 글루타치온 다크제로] 60매입,SNP,maskpack,28000.0,지성,105,4.923809523809524,103,1,1,0.9809523809523809,0.009523809523809525,0.009523809523809525,23,22,1,0,0.9565217391304348,0.043478260869565216,0.0,비교적 신뢰 가능,,모공|미백|보습|각질|주름,4,True,normal,선택 피부 타입 리뷰 기준으로 특별히 높은 부정 신호는 확인되지 않습니다.,strong_evidence,1.0,0.0,99.46,strong_candidate,True,False,선택 피부 타입 리뷰 기준 부정 신호가 낮은 편입니다.,score_top20
musinsa::2616586,musinsa,2616586,DMT 바디로션 400ml+추가증정,physiogel,beauty,24900.0,복합성,108,4.944444444444445,105,2,1,0.9722222222222222,0.018518518518518517,0.009259259259259259,44,43,1,0,0.9772727272727273,0.022727272727272728,0.0,비교적 신뢰 가능,진정|보습|모공|탄력|유수분 조절,,0,True,normal,선택 피부 타입 리뷰 기준으로 특별히 높은 부정 신호는 확인되지 않습니다.,strong_evidence,1.0,0.0,99.45,strong_candidate,True,False,선택 피부 타입 리뷰 기준 부정 신호가 낮은 편입니다.,score_top20
oliveyoung::A000000219193,oliveyoung,A000000219193,[아이돌물광팩/한정기획] 메디큐브 콜라겐 나이트 랩핑 마스크 75ml (+브러쉬 증정기획),메디큐브,maskpack,25000.0,건성,33,1.6363636363636365,3,6,24,0.09090909090909091,0.18181818181818182,0.7272727272727273,1,0,0,1,0.0,0.0,1.0,근거 부족,,보습,0,False,insufficient_evidence,선택 피부 타입 리뷰 수가 적어 참고용으로만 확인하세요.,insufficient_evidence,0.3,0.3,8.82,insufficient_evidence,False,True,선택 피부 타입 리뷰 수가 적어 참고용으로만 확인하세요.,score_bottom20
oliveyoung::A000000171426,oliveyoung,A000000171426,[76관왕 No.1] 메디힐 더마 패드 100매 7종 피부 고민별 골라담기,메디힐,maskpack,26000.0,지성,20,2.15,4,3,13,0.2,0.15,0.65,4,0,0,4,0.0,0.0,1.0,근거 부족,,미백|보습|각질|탄력|주름,1,False,insufficient_evidence,선택 피부 타입 리뷰 수가 적어 참고용으로만 확인하세요.,insufficient_evidence,0.3,0.3,12.35,insufficient_evidence,False,True,선택 피부 타입 리뷰 수가 적어 참고용으로만 확인하세요.,score_bottom20
oliveyoung::A000000212350,oliveyoung,A000000212350,[앰플한병팩] 메디힐 하이퍼 마스크 1매 겔마스크 4종 (콜라겐/PDRN/마데카소사이드/히알루론산),메디힐,maskpack,4500.0,건성,34,2.088235294117647,8,4,22,0.23529411764705882,0.11764705882352941,0.6470588235294118,2,0,0,2,0.0,0.0,1.0,근거 부족,,탄력|홍조|미백|주름,0,False,insufficient_evidence,선택 피부 타입 리뷰 수가 적어 참고용으로만 확인하세요.,insufficient_evidence,0.3,0.3,12.47,insufficient_evidence,False,True,선택 피부 타입 리뷰 수가 적어 참고용으로만 확인하세요.,score_bottom20
oliveyoung::A000000184368,oliveyoung,A000000184368,[모공&블랙헤드/노란티스] 티스 딥 오프 클렌징오일 320ml,티스,cleansing,20000.0,민감성,264,3.867424242424242,155,42,67,0.5871212121212122,0.1590909090909091,0.2537878787878788,5,1,0,4,0.2,0.0,0.8,참고 가능,,보습|홍조|미백,1,True,high_negative_signal,선택 피부 타입 리뷰에서 부정 반응 비율이 상대적으로 높습니다. 구매 전 부정 리뷰를 먼저 확인하세요.,limited_evidence,0.7,0.56,14.17,negative_review_first,False,True,선택 피부 타입 리뷰에서 부정 신호가 상대적으로 높습니다. 구매 전 부정 리뷰를 먼저 확인하세요.,score_bottom20
musinsa::6023311,musinsa,6023311,문제성 손발톱 집중 케어 2종 세트,withshyan,beauty,19800.0,복합성,1,4.0,0,0,1,0.0,0.0,1.0,1,0,0,1,0.0,0.0,1.0,근거 부족,트러블|모공|진정|보습,,0,False,insufficient_evidence,선택 피부 타입 리뷰 수가 적어 참고용으로만 확인하세요.,insufficient_evidence,0.3,0.3,16.0,insufficient_evidence,False,True,선택 피부 타입 리뷰 수가 적어 참고용으로만 확인하세요.,score_bottom20
oliveyoung::A000000212350,oliveyoung,A000000212350,[앰플한병팩] 메디힐 하이퍼 마스크 1매 겔마스크 4종 (콜라겐/PDRN/마데카소사이드/히알루론산),메디힐,maskpack,4500.0,복합성,34,2.088235294117647,8,4,22,0.23529411764705882,0.11764705882352941,0.6470588235294118,4,0,1,3,0.0,0.25,0.75,근거 부족,,보습|모공|주름|미백|각질,1,False,insufficient_evidence,선택 피부 타입 리뷰 수가 적어 참고용으로만 확인하세요.,insufficient_evidence,0.3,0.225,17.35,insufficient_evidence,False,True,선택 피부 타입 리뷰 수가 적어 참고용으로만 확인하세요.,score_bottom20
oliveyoung::A000000212570,oliveyoung,A000000212570,바이오더마 시카비오 크림+ 100ml 기획 (크림 + 40ml 본품 추가 증정),바이오더마,skincare,43000.0,건성,228,3.504385964912281,129,25,74,0.5657894736842105,0.10964912280701754,0.32456140350877194,6,2,0,4,0.3333333333333333,0.0,0.6666666666666666,참고 가능,,주름|보습|미백|각질|트러블,0,True,high_negative_signal,선택 피부 타입 리뷰에서 부정 반응 비율이 상대적으로 높습니다. 구매 전 부정 리뷰를 먼저 확인하세요.,limited_evidence,0.7,0.466667,18.22,negative_review_first,False,True,선택 피부 타입 리뷰에서 부정 신호가 상대적으로 높습니다. 구매 전 부정 리뷰를 먼저 확인하세요.,score_bottom20
oliveyoung::A000000254058,oliveyoung,A000000254058,[포켓몬 에디션]VT 리들샷100 에센스 50ml기획 (리들샷300 1ml+PDRN에센스1.5ml+포켓몬아크릴포스트잇),VT,skincare,32000.0,민감성,233,3.334763948497854,124,32,77,0.5321888412017167,0.13733905579399142,0.33047210300429186,11,4,0,7,0.36363636363636365,0.0,0.6363636363636364,참고 가능,,보습|홍조|트러블|각질|미백,4,True,high_negative_signal,선택 피부 타입 리뷰에서 부정 반응 비율이 상대적으로 높습니다. 구매 전 부정 리뷰를 먼저 확인하세요.,limited_evidence,0.7,0.445455,18.55,negative_review_first,False,True,선택 피부 타입 리뷰에서 부정 신호가 상대적으로 높습니다. 구매 전 부정 리뷰를 먼저 확인하세요.,score_bottom20
oliveyoung::A000000219193,oliveyoung,A000000219193,[아이돌물광팩/한정기획] 메디큐브 콜라겐 나이트 랩핑 마스크 75ml (+브러쉬 증정기획),메디큐브,maskpack,25000.0,지성,33,1.6363636363636365,3,6,24,0.09090909090909091,0.18181818181818182,0.7272727272727273,2,0,1,1,0.0,0.5,0.5,근거 부족,,보습|각질,1,False,insufficient_evidence,선택 피부 타입 리뷰 수가 적어 참고용으로만 확인하세요.,insufficient_evidence,0.3,0.15,18.57,insufficient_evidence,False,True,선택 피부 타입 리뷰 수가 적어 참고용으로만 확인하세요.,score_bottom20
oliveyoung::A000000219193,oliveyoung,A000000219193,[아이돌물광팩/한정기획] 메디큐브 콜라겐 나이트 랩핑 마스크 75ml (+브러쉬 증정기획),메디큐브,maskpack,25000.0,복합성,33,1.6363636363636365,3,6,24,0.09090909090909091,0.18181818181818182,0.7272727272727273,2,0,1,1,0.0,0.5,0.5,근거 부족,,주름|모공|미백,1,False,insufficient_evidence,선택 피부 타입 리뷰 수가 적어 참고용으로만 확인하세요.,insufficient_evidence,0.3,0.15,18.57,insufficient_evidence,False,True,선택 피부 타입 리뷰 수가 적어 참고용으로만 확인하세요.,score_bottom20
oliveyoung::A000000212350,oliveyoung,A000000212350,[앰플한병팩] 메디힐 하이퍼 마스크 1매 겔마스크 4종 (콜라겐/PDRN/마데카소사이드/히알루론산),메디힐,maskpack,4500.0,민감성,34,2.088235294117647,8,4,22,0.23529411764705882,0.11764705882352941,0.6470588235294118,3,1,0,2,0.3333333333333333,0.0,0.6666666666666666,근거 부족,,각질|미백|트러블|모공|홍조,1,False,insufficient_evidence,선택 피부 타입 리뷰 수가 적어 참고용으로만 확인하세요.,insufficient_evidence,0.3,0.2,18.97,insufficient_evidence,False,True,선택 피부 타입 리뷰 수가 적어 참고용으로만 확인하세요.,score_bottom20
musinsa::6337083,musinsa,6337083,아쿠아 365 유브이 글로우 핏 톤업선 40ml,snature,beauty,25000.0,지성,1,5.0,0,0,1,0.0,0.0,1.0,1,0,0,1,0.0,0.0,1.0,근거 부족,트러블|모공|유수분 조절,,0,False,insufficient_evidence,선택 피부 타입 리뷰 수가 적어 참고용으로만 확인하세요.,insufficient_evidence,0.3,0.3,20.0,insufficient_evidence,False,True,선택 피부 타입 리뷰 수가 적어 참고용으로만 확인하세요.,score_bottom20
oliveyoung::A000000237449,oliveyoung,A000000237449,[수지pick/뽀용뇽 공동개발] 아누아 피디알엔 히알루론산 수분 캡슐 미스트 100ml,아누아,skincare,35000.0,민감성,228,3.307017543859649,122,26,80,0.5350877192982456,0.11403508771929824,0.3508771929824561,10,4,0,6,0.4,0.0,0.6,참고 가능,,보습|미백|홍조|주름|트러블,0,True,high_negative_signal,선택 피부 타입 리뷰에서 부정 반응 비율이 상대적으로 높습니다. 구매 전 부정 리뷰를 먼저 확인하세요.,limited_evidence,0.7,0.42,20.02,negative_review_first,False,True,선택 피부 타입 리뷰에서 부정 신호가 상대적으로 높습니다. 구매 전 부정 리뷰를 먼저 확인하세요.,score_bottom20
oliveyoung::A000000205870,oliveyoung,A000000205870,[여드름/좁쌀] 스트라이덱스 맥스플러스패드 55매,스트라이덱스,maskpack,12900.0,중성,222,3.3063063063063063,103,35,84,0.46396396396396394,0.15765765765765766,0.3783783783783784,1,0,0,1,0.0,0.0,1.0,근거 부족,,미백|주름,0,False,insufficient_evidence,선택 피부 타입 리뷰 수가 적어 참고용으로만 확인하세요.,insufficient_evidence,0.3,0.3,20.97,insufficient_evidence,False,True,선택 피부 타입 리뷰 수가 적어 참고용으로만 확인하세요. (중성 피부 타입은 전반적으로 리뷰 근거가 적습니다.),score_bottom20
oliveyoung::A000000237449,oliveyoung,A000000237449,[수지pick/뽀용뇽 공동개발] 아누아 피디알엔 히알루론산 수분 캡슐 미스트 100ml,아누아,skincare,35000.0,중성,228,3.307017543859649,122,26,80,0.5350877192982456,0.11403508771929824,0.3508771929824561,1,0,0,1,0.0,0.0,1.0,근거 부족,,미백|주름,0,False,insufficient_evidence,선택 피부 타입 리뷰 수가 적어 참고용으로만 확인하세요.,insufficient_evidence,0.3,0.3,21.82,insufficient_evidence,False,True,선택 피부 타입 리뷰 수가 적어 참고용으로만 확인하세요. (중성 피부 타입은 전반적으로 리뷰 근거가 적습니다.),score_bottom20
oliveyoung::A000000216311,oliveyoung,A000000216311,[*피지잡는 *약산성클렌저 *클렌징폼] 아벤느 클리낭스 클렌징 젤 400ml 더블 기획,아벤느,cleansing,45000.0,건성,250,3.56,150,24,76,0.6,0.096,0.304,10,4,0,6,0.4,0.0,0.6,참고 가능,,미백|각질|보습|탄력|주름,4,True,high_negative_signal,선택 피부 타입 리뷰에서 부정 반응 비율이 상대적으로 높습니다. 구매 전 부정 리뷰를 먼저 확인하세요.,limited_evidence,0.7,0.42,21.92,negative_review_first,False,True,선택 피부 타입 리뷰에서 부정 신호가 상대적으로 높습니다. 구매 전 부정 리뷰를 먼저 확인하세요.,score_bottom20
oliveyoung::A000000254058,oliveyoung,A000000254058,[포켓몬 에디션]VT 리들샷100 에센스 50ml기획 (리들샷300 1ml+PDRN에센스1.5ml+포켓몬아크릴포스트잇),VT,skincare,32000.0,중성,233,3.334763948497854,124,32,77,0.5321888412017167,0.13733905579399142,0.33047210300429186,2,0,0,2,0.0,0.0,1.0,근거 부족,,모공|보습,0,False,insufficient_evidence,선택 피부 타입 리뷰 수가 적어 참고용으로만 확인하세요.,insufficient_evidence,0.3,0.3,22.01,insufficient_evidence,False,True,선택 피부 타입 리뷰 수가 적어 참고용으로만 확인하세요. (중성 피부 타입은 전반적으로 리뷰 근거가 적습니다.),score_bottom20
oliveyoung::A000000166586,oliveyoung,A000000166586,[단독/대용량] 라운드랩 자작나무 수분 크림 120ml 기획 (+수분패드 4매),라운드랩,skincare,42000.0,민감성,249,3.602409638554217,151,32,66,0.606425702811245,0.1285140562248996,0.26506024096385544,5,2,0,3,0.4,0.0,0.6,참고 가능,,보습|트러블|미백|모공|주름,0,True,high_negative_signal,선택 피부 타입 리뷰에서 부정 반응 비율이 상대적으로 높습니다. 구매 전 부정 리뷰를 먼저 확인하세요.,limited_evidence,0.7,0.42,22.35,negative_review_first,False,True,선택 피부 타입 리뷰에서 부정 신호가 상대적으로 높습니다. 구매 전 부정 리뷰를 먼저 확인하세요.,score_bottom20
oliveyoung::A000000237728,oliveyoung,A000000237728,[1등 진정세럼] 파넬 시카마누 92세럼 30ml 리필기획(+30ml 리필+15ml),파넬,skincare,42000.0,중성,244,3.4098360655737703,137,29,78,0.5614754098360656,0.11885245901639344,0.319672131147541,1,0,0,1,0.0,0.0,1.0,근거 부족,,트러블|보습,0,False,insufficient_evidence,선택 피부 타입 리뷰 수가 적어 참고용으로만 확인하세요.,insufficient_evidence,0.3,0.3,22.66,insufficient_evidence,False,True,선택 피부 타입 리뷰 수가 적어 참고용으로만 확인하세요. (중성 피부 타입은 전반적으로 리뷰 근거가 적습니다.),score_bottom20
oliveyoung::A000000214907,oliveyoung,A000000214907,[1등모공세정/15g증정기획] 아렌시아 떡솝 프레시 클렌저 120g 기획 3종 (그린/로즈힙/블루히솝),아렌시아,cleansing,23000.0,중성,256,3.37109375,154,16,86,0.6015625,0.0625,0.3359375,2,0,0,2,0.0,0.0,1.0,근거 부족,,,4,False,insufficient_evidence,선택 피부 타입 리뷰 수가 적어 참고용으로만 확인하세요.,insufficient_evidence,0.3,0.3,22.82,insufficient_evidence,False,True,선택 피부 타입 리뷰 수가 적어 참고용으로만 확인하세요. (중성 피부 타입은 전반적으로 리뷰 근거가 적습니다.),score_bottom20
musinsa::3324516,musinsa,3324516,그린티 허니드롭스 바디크림 500ml,elizabetharden,beauty,38300.0,복합성,53,4.943396226415095,53,0,0,1.0,0.0,0.0,36,36,0,0,1.0,0.0,0.0,비교적 신뢰 가능,진정|보습|모공|탄력|유수분 조절,,0,True,normal,선택 피부 타입 리뷰 기준으로 특별히 높은 부정 신호는 확인되지 않습니다.,strong_evidence,1.0,0.0,99.77,strong_candidate,True,False,선택 피부 타입 리뷰 기준 부정 신호가 낮은 편입니다.,platform_musinsa_samples
musinsa::6299094,musinsa,6299094,액티브 스웨트프루프 선스틱 + 쿨 데오 샤워티슈 1매,obge,beauty,19800.0,지성,82,5.0,80,2,0,0.975609756097561,0.024390243902439025,0.0,21,20,1,0,0.9523809523809523,0.047619047619047616,0.0,비교적 신뢰 가능,진정|보습|유수분 조절|모공|트러블,,0,True,normal,선택 피부 타입 리뷰 기준으로 특별히 높은 부정 신호는 확인되지 않습니다.,strong_evidence,1.0,0.0,99.76,strong_candidate,True,False,선택 피부 타입 리뷰 기준 부정 신호가 낮은 편입니다.,platform_musinsa_samples
musinsa::6299094,musinsa,6299094,액티브 스웨트프루프 선스틱 + 쿨 데오 샤워티슈 1매,obge,beauty,19800.0,복합성,82,5.0,80,2,0,0.975609756097561,0.024390243902439025,0.0,45,44,1,0,0.9777777777777777,0.022222222222222223,0.0,비교적 신뢰 가능,진정|보습|유수분 조절|모공|탄력,,0,True,normal,선택 피부 타입 리뷰 기준으로 특별히 높은 부정 신호는 확인되지 않습니다.,strong_evidence,1.0,0.0,99.76,strong_candidate,True,False,선택 피부 타입 리뷰 기준 부정 신호가 낮은 편입니다.,platform_musinsa_samples
musinsa::4258330,musinsa,4258330,바디 에멀전 타입 R 프라그란트 보틀 300ml,abib,beauty,28000.0,복합성,49,4.938775510204081,49,0,0,1.0,0.0,0.0,21,21,0,0,1.0,0.0,0.0,비교적 신뢰 가능,진정|보습|모공|유수분 조절|영양공급,,0,True,normal,선택 피부 타입 리뷰 기준으로 특별히 높은 부정 신호는 확인되지 않습니다.,strong_evidence,1.0,0.0,99.76,strong_candidate,True,False,선택 피부 타입 리뷰 기준 부정 신호가 낮은 편입니다.,platform_musinsa_samples
musinsa::3063032,musinsa,3063032,비건 릴리프 워터 에센스 선크림,hamel,beauty,26800.0,복합성,223,4.982062780269058,219,3,1,0.9820627802690582,0.013452914798206279,0.004484304932735426,40,40,0,0,1.0,0.0,0.0,비교적 신뢰 가능,진정|보습|유수분 조절|모공|탄력,,0,True,normal,선택 피부 타입 리뷰 기준으로 특별히 높은 부정 신호는 확인되지 않습니다.,strong_evidence,1.0,0.0,99.73,strong_candidate,True,False,선택 피부 타입 리뷰 기준 부정 신호가 낮은 편입니다.,platform_musinsa_samples
musinsa::6261460,musinsa,6261460,[SET] 아쿠아 퓨어 히알루로닉 크림  2개 + 세럼 2개 (증정: 멀티 히알루론산 마스크 5매),beplain,beauty,100000.0,복합성,49,4.959183673469388,48,1,0,0.9795918367346939,0.02040816326530612,0.0,26,25,1,0,0.9615384615384616,0.038461538461538464,0.0,비교적 신뢰 가능,진정|보습|모공|탄력|유수분 조절,,0,True,normal,선택 피부 타입 리뷰 기준으로 특별히 높은 부정 신호는 확인되지 않습니다.,strong_evidence,1.0,0.0,99.63,strong_candidate,True,False,선택 피부 타입 리뷰 기준 부정 신호가 낮은 편입니다.,platform_musinsa_samples
musinsa::5859496,musinsa,5859496,[옵션선택] 코튼풋 발을씻자 풋샴푸 510ml 2개 + 리필 500ml 1개,onthebody,beauty,19900.0,건성,164,4.9817073170731705,159,5,0,0.9695121951219512,0.03048780487804878,0.0,23,22,1,0,0.9565217391304348,0.043478260869565216,0.0,비교적 신뢰 가능,진정|보습|탄력|영양공급|모공,,0,True,normal,선택 피부 타입 리뷰 기준으로 특별히 높은 부정 신호는 확인되지 않습니다.,strong_evidence,1.0,0.0,99.62,strong_candidate,True,False,선택 피부 타입 리뷰 기준 부정 신호가 낮은 편입니다.,platform_musinsa_samples
musinsa::5859496,musinsa,5859496,[옵션선택] 코튼풋 발을씻자 풋샴푸 510ml 2개 + 리필 500ml 1개,onthebody,beauty,19900.0,지성,164,4.9817073170731705,159,5,0,0.9695121951219512,0.03048780487804878,0.0,42,39,3,0,0.9285714285714286,0.07142857142857142,0.0,비교적 신뢰 가능,진정|보습|트러블|유수분 조절|모공,,0,True,normal,선택 피부 타입 리뷰 기준으로 특별히 높은 부정 신호는 확인되지 않습니다.,strong_evidence,1.0,0.0,99.62,strong_candidate,True,False,선택 피부 타입 리뷰 기준 부정 신호가 낮은 편입니다.,platform_musinsa_samples
musinsa::5859496,musinsa,5859496,[옵션선택] 코튼풋 발을씻자 풋샴푸 510ml 2개 + 리필 500ml 1개,onthebody,beauty,19900.0,복합성,164,4.9817073170731705,159,5,0,0.9695121951219512,0.03048780487804878,0.0,86,85,1,0,0.9883720930232558,0.011627906976744186,0.0,비교적 신뢰 가능,진정|보습|유수분 조절|모공|탄력,,0,True,normal,선택 피부 타입 리뷰 기준으로 특별히 높은 부정 신호는 확인되지 않습니다.,strong_evidence,1.0,0.0,99.62,strong_candidate,True,False,선택 피부 타입 리뷰 기준 부정 신호가 낮은 편입니다.,platform_musinsa_samples
musinsa::3202723,musinsa,3202723,TYPE No.91 원더바이브 핸드워시 350ml,typeno,beauty,14000.0,복합성,95,4.926315789473684,94,1,0,0.9894736842105263,0.010526315789473684,0.0,28,28,0,0,1.0,0.0,0.0,비교적 신뢰 가능,진정|보습|유수분 조절|탄력|모공,,0,True,normal,선택 피부 타입 리뷰 기준으로 특별히 높은 부정 신호는 확인되지 않습니다.,strong_evidence,1.0,0.0,99.6,strong_candidate,True,False,선택 피부 타입 리뷰 기준 부정 신호가 낮은 편입니다.,platform_musinsa_samples
musinsa::2616586,musinsa,2616586,DMT 바디로션 400ml+추가증정,physiogel,beauty,24900.0,복합성,108,4.944444444444445,105,2,1,0.9722222222222222,0.018518518518518517,0.009259259259259259,44,43,1,0,0.9772727272727273,0.022727272727272728,0.0,비교적 신뢰 가능,진정|보습|모공|탄력|유수분 조절,,0,True,normal,선택 피부 타입 리뷰 기준으로 특별히 높은 부정 신호는 확인되지 않습니다.,strong_evidence,1.0,0.0,99.45,strong_candidate,True,False,선택 피부 타입 리뷰 기준 부정 신호가 낮은 편입니다.,platform_musinsa_samples
musinsa::4791073,musinsa,4791073,[사은품 증정] (대용량) 그린티 씨드 히알루론산 크림 80mL + 15mL 2개 + 화산송이 폼 30g 1개,innisfree,beauty,26600.0,복합성,43,4.976744186046512,41,2,0,0.9534883720930233,0.046511627906976744,0.0,26,26,0,0,1.0,0.0,0.0,비교적 신뢰 가능,진정|보습|유수분 조절|모공|탄력,,0,True,normal,선택 피부 타입 리뷰 기준으로 특별히 높은 부정 신호는 확인되지 않습니다.,strong_evidence,1.0,0.0,99.44,strong_candidate,True,False,선택 피부 타입 리뷰 기준 부정 신호가 낮은 편입니다.,platform_musinsa_samples
musinsa::4502057,musinsa,4502057,[콜라보] 블랙헤드 세라마이드 유자 힐링 클렌징 밤 135ml+여행용 10g+헤어핀 굿즈,irecipe,beauty,20900.0,복합성,95,4.968421052631579,91,3,1,0.9578947368421052,0.031578947368421054,0.010526315789473684,53,51,2,0,0.9622641509433962,0.03773584905660377,0.0,비교적 신뢰 가능,진정|보습|모공|유수분 조절|트러블,,0,True,normal,선택 피부 타입 리뷰 기준으로 특별히 높은 부정 신호는 확인되지 않습니다.,strong_evidence,1.0,0.0,99.4,strong_candidate,True,False,선택 피부 타입 리뷰 기준 부정 신호가 낮은 편입니다.,platform_musinsa_samples
musinsa::6239431,musinsa,6239431,라이스 토너 150ml,imfrom,beauty,23800.0,건성,77,4.883116883116883,76,1,0,0.987012987012987,0.012987012987012988,0.0,24,23,1,0,0.9583333333333334,0.041666666666666664,0.0,비교적 신뢰 가능,진정|보습|영양공급|모공|탄력,,0,True,normal,선택 피부 타입 리뷰 기준으로 특별히 높은 부정 신호는 확인되지 않습니다.,strong_evidence,1.0,0.0,99.4,strong_candidate,True,False,선택 피부 타입 리뷰 기준 부정 신호가 낮은 편입니다.,platform_musinsa_samples
musinsa::4502057,musinsa,4502057,[콜라보] 블랙헤드 세라마이드 유자 힐링 클렌징 밤 135ml+여행용 10g+헤어핀 굿즈,irecipe,beauty,20900.0,건성,95,4.968421052631579,91,3,1,0.9578947368421052,0.031578947368421054,0.010526315789473684,23,22,1,0,0.9565217391304348,0.043478260869565216,0.0,비교적 신뢰 가능,진정|보습|모공|영양공급|탄력,,0,True,normal,선택 피부 타입 리뷰 기준으로 특별히 높은 부정 신호는 확인되지 않습니다.,strong_evidence,1.0,0.0,99.4,strong_candidate,True,False,선택 피부 타입 리뷰 기준 부정 신호가 낮은 편입니다.,platform_musinsa_samples
musinsa::6239431,musinsa,6239431,라이스 토너 150ml,imfrom,beauty,23800.0,복합성,77,4.883116883116883,76,1,0,0.987012987012987,0.012987012987012988,0.0,38,38,0,0,1.0,0.0,0.0,비교적 신뢰 가능,진정|보습|모공|유수분 조절|영양공급,,0,True,normal,선택 피부 타입 리뷰 기준으로 특별히 높은 부정 신호는 확인되지 않습니다.,strong_evidence,1.0,0.0,99.4,strong_candidate,True,False,선택 피부 타입 리뷰 기준 부정 신호가 낮은 편입니다.,platform_musinsa_samples
musinsa::5289207,musinsa,5289207,스토미 웨더 200ml - 보디 스프레이,lush,beauty,85000.0,복합성,38,4.842105263157895,38,0,0,1.0,0.0,0.0,22,22,0,0,1.0,0.0,0.0,비교적 신뢰 가능,진정|보습|모공|유수분 조절|탄력,,0,True,normal,선택 피부 타입 리뷰 기준으로 특별히 높은 부정 신호는 확인되지 않습니다.,strong_evidence,1.0,0.0,99.37,strong_candidate,True,False,선택 피부 타입 리뷰 기준 부정 신호가 낮은 편입니다.,platform_musinsa_samples
musinsa::4769036,musinsa,4769036,마다가스카르 센텔라 히알루-시카 워터핏 선 세럼 (대용량) 100ml,skin1004,beauty,30600.0,건성,98,4.918367346938775,95,3,0,0.9693877551020408,0.030612244897959183,0.0,25,24,1,0,0.96,0.04,0.0,비교적 신뢰 가능,진정|보습|유수분 조절|탄력|모공,,0,True,normal,선택 피부 타입 리뷰 기준으로 특별히 높은 부정 신호는 확인되지 않습니다.,strong_evidence,1.0,0.0,99.37,strong_candidate,True,False,선택 피부 타입 리뷰 기준 부정 신호가 낮은 편입니다.,platform_musinsa_samples
musinsa::4769036,musinsa,4769036,마다가스카르 센텔라 히알루-시카 워터핏 선 세럼 (대용량) 100ml,skin1004,beauty,30600.0,복합성,98,4.918367346938775,95,3,0,0.9693877551020408,0.030612244897959183,0.0,40,38,2,0,0.95,0.05,0.0,비교적 신뢰 가능,진정|보습|모공|유수분 조절|트러블,,0,True,normal,선택 피부 타입 리뷰 기준으로 특별히 높은 부정 신호는 확인되지 않습니다.,strong_evidence,1.0,0.0,99.37,strong_candidate,True,False,선택 피부 타입 리뷰 기준 부정 신호가 낮은 편입니다.,platform_musinsa_samples
musinsa::3373309,musinsa,3373309,[SET] 다이브인 저분자 히알루론산 스킨부스터 200ml  x 2개,torriden,beauty,34200.0,건성,291,4.914089347079038,284,4,3,0.9759450171821306,0.013745704467353952,0.010309278350515464,46,45,1,0,0.9782608695652174,0.021739130434782608,0.0,비교적 신뢰 가능,진정|보습|탄력|영양공급|유수분 조절,,0,True,normal,선택 피부 타입 리뷰 기준으로 특별히 높은 부정 신호는 확인되지 않습니다.,strong_evidence,1.0,0.0,99.36,strong_candidate,True,False,선택 피부 타입 리뷰 기준 부정 신호가 낮은 편입니다.,platform_musinsa_samples
oliveyoung::A000000253919,oliveyoung,A000000253919,쥬베룩 PDLLA 콜라겐 부스팅 마스크 4매,쥬베룩,maskpack,36000.0,복합성,124,4.975806451612903,123,1,0,0.9919354838709677,0.008064516129032258,0.0,21,21,0,0,1.0,0.0,0.0,비교적 신뢰 가능,,미백|주름|보습|모공|각질,5,True,normal,선택 피부 타입 리뷰 기준으로 특별히 높은 부정 신호는 확인되지 않습니다.,strong_evidence,1.0,0.0,99.82,strong_candidate,True,False,선택 피부 타입 리뷰 기준 부정 신호가 낮은 편입니다.,platform_oliveyoung_samples
oliveyoung::A000000253919,oliveyoung,A000000253919,쥬베룩 PDLLA 콜라겐 부스팅 마스크 4매,쥬베룩,maskpack,36000.0,지성,124,4.975806451612903,123,1,0,0.9919354838709677,0.008064516129032258,0.0,22,22,0,0,1.0,0.0,0.0,비교적 신뢰 가능,,미백|주름|모공|보습|홍조,4,True,normal,선택 피부 타입 리뷰 기준으로 특별히 높은 부정 신호는 확인되지 않습니다.,strong_evidence,1.0,0.0,99.82,strong_candidate,True,False,선택 피부 타입 리뷰 기준 부정 신호가 낮은 편입니다.,platform_oliveyoung_samples
oliveyoung::A000000255622,oliveyoung,A000000255622,[짜서쓰는클밤/쫀쫀모공] 네시픽 라이스 펩타 콜라겐 샤베트 클렌징밤 80g,네시픽,cleansing,22000.0,지성,109,5.0,107,1,1,0.981651376146789,0.009174311926605505,0.009174311926605505,22,22,0,0,1.0,0.0,0.0,비교적 신뢰 가능,,미백|모공|주름|보습|각질,2,True,normal,선택 피부 타입 리뷰 기준으로 특별히 높은 부정 신호는 확인되지 않습니다.,strong_evidence,1.0,0.0,99.77,strong_candidate,True,False,선택 피부 타입 리뷰 기준 부정 신호가 낮은 편입니다.,platform_oliveyoung_samples
oliveyoung::A000000254773,oliveyoung,A000000254773,쥬베룩 PDLLA 콜라겐 부스팅 앰플 20g (+프로텍팅 크림 2ml*5EA) (2604),쥬베룩,skincare,62000.0,지성,119,4.983193277310924,115,4,0,0.9663865546218487,0.03361344537815126,0.0,22,20,2,0,0.9090909090909091,0.09090909090909091,0.0,비교적 신뢰 가능,,미백|주름|보습|각질|트러블,6,True,normal,선택 피부 타입 리뷰 기준으로 특별히 높은 부정 신호는 확인되지 않습니다.,strong_evidence,1.0,0.0,99.6,strong_candidate,True,False,선택 피부 타입 리뷰 기준 부정 신호가 낮은 편입니다.,platform_oliveyoung_samples
oliveyoung::A000000254492,oliveyoung,A000000254492,[NEW/단독선런칭] 바이오던스 아이패치 60매 2종 택 1 (콜라겐/캐비어 PDRN),바이오던스,maskpack,27000.0,복합성,169,4.952662721893491,165,4,0,0.9763313609467456,0.023668639053254437,0.0,24,24,0,0,1.0,0.0,0.0,비교적 신뢰 가능,,미백|트러블|모공|주름|보습,3,True,normal,선택 피부 타입 리뷰 기준으로 특별히 높은 부정 신호는 확인되지 않습니다.,strong_evidence,1.0,0.0,99.57,strong_candidate,True,False,선택 피부 타입 리뷰 기준 부정 신호가 낮은 편입니다.,platform_oliveyoung_samples
oliveyoung::A000000254492,oliveyoung,A000000254492,[NEW/단독선런칭] 바이오던스 아이패치 60매 2종 택 1 (콜라겐/캐비어 PDRN),바이오던스,maskpack,27000.0,지성,169,4.952662721893491,165,4,0,0.9763313609467456,0.023668639053254437,0.0,26,26,0,0,1.0,0.0,0.0,비교적 신뢰 가능,,미백|각질|주름|보습|탄력,1,True,normal,선택 피부 타입 리뷰 기준으로 특별히 높은 부정 신호는 확인되지 않습니다.,strong_evidence,1.0,0.0,99.57,strong_candidate,True,False,선택 피부 타입 리뷰 기준 부정 신호가 낮은 편입니다.,platform_oliveyoung_samples
oliveyoung::A000000247859,oliveyoung,A000000247859,[성한빈 PICK] 원더바스 레몬청 팩클렌저 200ml 기획 (+50ml),조성아뷰티,cleansing,19900.0,지성,134,4.940298507462686,131,3,0,0.9776119402985075,0.022388059701492536,0.0,34,33,1,0,0.9705882352941176,0.029411764705882353,0.0,비교적 신뢰 가능,,미백|주름|모공|각질|트러블,9,True,normal,선택 피부 타입 리뷰 기준으로 특별히 높은 부정 신호는 확인되지 않습니다.,strong_evidence,1.0,0.0,99.54,strong_candidate,True,False,선택 피부 타입 리뷰 기준 부정 신호가 낮은 편입니다.,platform_oliveyoung_samples
oliveyoung::A000000247859,oliveyoung,A000000247859,[성한빈 PICK] 원더바스 레몬청 팩클렌저 200ml 기획 (+50ml),조성아뷰티,cleansing,19900.0,복합성,134,4.940298507462686,131,3,0,0.9776119402985075,0.022388059701492536,0.0,20,20,0,0,1.0,0.0,0.0,비교적 신뢰 가능,,미백|주름|모공|홍조|트러블,2,True,normal,선택 피부 타입 리뷰 기준으로 특별히 높은 부정 신호는 확인되지 않습니다.,strong_evidence,1.0,0.0,99.54,strong_candidate,True,False,선택 피부 타입 리뷰 기준 부정 신호가 낮은 편입니다.,platform_oliveyoung_samples
oliveyoung::A000000254380,oliveyoung,A000000254380,SNP 빅 패치 2종 [콜라겐 퍼펙션 / 글루타치온 다크제로] 60매입,SNP,maskpack,28000.0,지성,105,4.923809523809524,103,1,1,0.9809523809523809,0.009523809523809525,0.009523809523809525,23,22,1,0,0.9565217391304348,0.043478260869565216,0.0,비교적 신뢰 가능,,모공|미백|보습|각질|주름,4,True,normal,선택 피부 타입 리뷰 기준으로 특별히 높은 부정 신호는 확인되지 않습니다.,strong_evidence,1.0,0.0,99.46,strong_candidate,True,False,선택 피부 타입 리뷰 기준 부정 신호가 낮은 편입니다.,platform_oliveyoung_samples
oliveyoung::A000000254114,oliveyoung,A000000254114,[포켓몬 에디션] AHC 프로샷 아이크림 포페이스 30ml 기획 (+세럼 10ml+피카츄 액정클리너),AHC,skincare,31000.0,복합성,161,4.956521739130435,154,7,0,0.9565217391304348,0.043478260869565216,0.0,21,20,1,0,0.9523809523809523,0.047619047619047616,0.0,비교적 신뢰 가능,,미백|트러블|주름|모공|홍조,7,True,normal,선택 피부 타입 리뷰 기준으로 특별히 높은 부정 신호는 확인되지 않습니다.,strong_evidence,1.0,0.0,99.39,strong_candidate,True,False,선택 피부 타입 리뷰 기준 부정 신호가 낮은 편입니다.,platform_oliveyoung_samples
oliveyoung::A000000254114,oliveyoung,A000000254114,[포켓몬 에디션] AHC 프로샷 아이크림 포페이스 30ml 기획 (+세럼 10ml+피카츄 액정클리너),AHC,skincare,31000.0,지성,161,4.956521739130435,154,7,0,0.9565217391304348,0.043478260869565216,0.0,31,29,2,0,0.9354838709677419,0.06451612903225806,0.0,비교적 신뢰 가능,,미백|주름|보습|트러블|각질,7,True,normal,선택 피부 타입 리뷰 기준으로 특별히 높은 부정 신호는 확인되지 않습니다.,strong_evidence,1.0,0.0,99.39,strong_candidate,True,False,선택 피부 타입 리뷰 기준 부정 신호가 낮은 편입니다.,platform_oliveyoung_samples
oliveyoung::A000000253116,oliveyoung,A000000253116,[NEW/한정기획] 센카 퍼펙트 휩 페이셜 워시 120g 더블기획 (+파우치),센카,cleansing,17600.0,지성,161,4.950310559006211,153,6,2,0.9503105590062112,0.037267080745341616,0.012422360248447204,29,28,1,0,0.9655172413793104,0.034482758620689655,0.0,비교적 신뢰 가능,,미백|보습|모공|트러블|각질,7,True,normal,선택 피부 타입 리뷰 기준으로 특별히 높은 부정 신호는 확인되지 않습니다.,strong_evidence,1.0,0.0,99.24,strong_candidate,True,False,선택 피부 타입 리뷰 기준 부정 신호가 낮은 편입니다.,platform_oliveyoung_samples
oliveyoung::A000000245944,oliveyoung,A000000245944,[미백&주름개선/사과패드] 파믹 애플타치온 토닝 토너 패드 60매,파믹,maskpack,38000.0,지성,142,4.915492957746479,136,5,1,0.9577464788732394,0.035211267605633804,0.007042253521126761,35,35,0,0,1.0,0.0,0.0,비교적 신뢰 가능,,미백|주름|모공|트러블|각질,9,True,normal,선택 피부 타입 리뷰 기준으로 특별히 높은 부정 신호는 확인되지 않습니다.,strong_evidence,1.0,0.0,99.2,strong_candidate,True,False,선택 피부 타입 리뷰 기준 부정 신호가 낮은 편입니다.,platform_oliveyoung_samples
oliveyoung::A000000245944,oliveyoung,A000000245944,[미백&주름개선/사과패드] 파믹 애플타치온 토닝 토너 패드 60매,파믹,maskpack,38000.0,복합성,142,4.915492957746479,136,5,1,0.9577464788732394,0.035211267605633804,0.007042253521126761,26,26,0,0,1.0,0.0,0.0,비교적 신뢰 가능,,미백|주름|모공|각질|트러블,4,True,normal,선택 피부 타입 리뷰 기준으로 특별히 높은 부정 신호는 확인되지 않습니다.,strong_evidence,1.0,0.0,99.2,strong_candidate,True,False,선택 피부 타입 리뷰 기준 부정 신호가 낮은 편입니다.,platform_oliveyoung_samples
oliveyoung::A000000233337,oliveyoung,A000000233337,[수분진정/광채캡슐크림] 션리 다시마 글레이즈드 크림 50g,션리,skincare,28000.0,지성,160,4.9,154,5,1,0.9625,0.03125,0.00625,30,28,2,0,0.9333333333333333,0.06666666666666667,0.0,비교적 신뢰 가능,,미백|보습|주름|모공|트러블,6,True,normal,선택 피부 타입 리뷰 기준으로 특별히 높은 부정 신호는 확인되지 않습니다.,strong_evidence,1.0,0.0,99.19,strong_candidate,True,False,선택 피부 타입 리뷰 기준 부정 신호가 낮은 편입니다.,platform_oliveyoung_samples
oliveyoung::A000000233337,oliveyoung,A000000233337,[수분진정/광채캡슐크림] 션리 다시마 글레이즈드 크림 50g,션리,skincare,28000.0,복합성,160,4.9,154,5,1,0.9625,0.03125,0.00625,26,26,0,0,1.0,0.0,0.0,비교적 신뢰 가능,,모공|미백|주름|홍조|보습,4,True,normal,선택 피부 타입 리뷰 기준으로 특별히 높은 부정 신호는 확인되지 않습니다.,strong_evidence,1.0,0.0,99.19,strong_candidate,True,False,선택 피부 타입 리뷰 기준 부정 신호가 낮은 편입니다.,platform_oliveyoung_samples
oliveyoung::A000000254406,oliveyoung,A000000254406,NEW[파데프리/톤업선/톤업선크림] 체이싱래빗 올어바웃 글로우 톤업 선 70ml,체이싱래빗,suncare,18000.0,지성,127,4.889763779527559,123,2,2,0.968503937007874,0.015748031496062992,0.015748031496062992,31,31,0,0,1.0,0.0,0.0,비교적 신뢰 가능,,주름|미백|각질|보습|모공,7,True,normal,선택 피부 타입 리뷰 기준으로 특별히 높은 부정 신호는 확인되지 않습니다.,strong_evidence,1.0,0.0,99.17,strong_candidate,True,False,선택 피부 타입 리뷰 기준 부정 신호가 낮은 편입니다.,platform_oliveyoung_samples
oliveyoung::A000000255949,oliveyoung,A000000255949,헤브블루 살몬 케어링 센텔라 크림 100ml 기획 (+버블 클렌저 30ml),헤브블루,skincare,39900.0,지성,95,4.852631578947369,93,1,1,0.9789473684210527,0.010526315789473684,0.010526315789473684,22,22,0,0,1.0,0.0,0.0,비교적 신뢰 가능,,미백|보습|주름|트러블|모공,3,True,normal,선택 피부 타입 리뷰 기준으로 특별히 높은 부정 신호는 확인되지 않습니다.,strong_evidence,1.0,0.0,99.15,strong_candidate,True,False,선택 피부 타입 리뷰 기준 부정 신호가 낮은 편입니다.,platform_oliveyoung_samples
oliveyoung::A000000225083,oliveyoung,A000000225083,수이사이 뷰티 클리어 그린/핑크 파우더워시 4종 택1 (15개입/32개입),수이사이,cleansing,13000.0,지성,141,4.914893617021277,134,6,1,0.950354609929078,0.0425531914893617,0.0070921985815602835,52,51,1,0,0.9807692307692307,0.019230769230769232,0.0,비교적 신뢰 가능,,미백|주름|각질|홍조|모공,18,True,normal,선택 피부 타입 리뷰 기준으로 특별히 높은 부정 신호는 확인되지 않습니다.,strong_evidence,1.0,0.0,99.13,strong_candidate,True,False,선택 피부 타입 리뷰 기준 부정 신호가 낮은 편입니다.,platform_oliveyoung_samples
oliveyoung::A000000255059,oliveyoung,A000000255059,[6월올영픽/쿨링진정패드] 빌리프 아쿠아 밤 프로즌 프렙 패드 60매 기획 (+30매 리필 증정),빌리프,maskpack,33000.0,지성,112,4.866071428571429,108,2,2,0.9642857142857143,0.017857142857142856,0.017857142857142856,21,20,1,0,0.9523809523809523,0.047619047619047616,0.0,비교적 신뢰 가능,,미백|주름|보습|각질|홍조,7,True,normal,선택 피부 타입 리뷰 기준으로 특별히 높은 부정 신호는 확인되지 않습니다.,strong_evidence,1.0,0.0,99.02,strong_candidate,True,False,선택 피부 타입 리뷰 기준 부정 신호가 낮은 편입니다.,platform_oliveyoung_samples
